,mobile_name,mobile_price,mobile_rating,mobile_description
0,"SAMSUNG Galaxy A15 5G (Blue, 128 GB)","₹16,990",4.3,8 GB RAM | 128 GB ROM | Expandable Upto 1 TB16.51 cm (6.5 inch) Full HD+ Display50MP + 5MP + 2MP | 13MP Front Camera5000 mAh BatteryDimensity 6100+ Processor1 Year Manufacturer Warranty for Device and 6 Months for In-Box Accessories
1,"REDMI 13 5G (Black Diamond, 128 GB)","₹12,083",4.3,6 GB RAM | 128 GB ROM17.25 cm (6.79 inch) Full HD+ Display108MP Rear Camera5030 mAh BatteryQualcomm SM4450 Snapdragon 4 Gen 2 AE (4 nm) Processor1 year manufacture warranty
2,"SAMSUNG Galaxy F15 5G (Ash Black, 128 GB)","₹13,499",4.2,6 GB RAM | 128 GB ROM | Expandable Upto 1 TB16.51 cm (6.5 inch) Full HD+ Display50MP + 5MP + 2MP | 13MP Front Camera6000 mAh Lithium ion BatteryMediaTek Dimensity 6100+ Processor1 Year Manufacturer Warranty for Device and 6 Months Manufacturer Warranty for In-Box Accessories
3,"Nothing Phone (2a) 5G (Black, 256 GB)","₹25,999",4.4,12 GB RAM | 256 GB ROM17.02 cm (6.7 inch) Full HD+ Display50MP (OIS) + 50MP | 32MP Front Camera5000 mAh BatteryDimensity 7200 Pro Processor1 Year Manufacturing Warranty
4,"POCO C65 (Pastel Blue, 128 GB)","₹9,499",4.3,6 GB RAM | 128 GB ROM | Expandable Upto 1 TB17.12 cm (6.74 inch) HD+ Display50MP + AI Lens + 2MP | 8MP Front Camera5000 mAh BatteryHelio G85 Processor1 Year Manufacturer Warranty for Phone and 6 Months Warranty for in the Box Accessories
5,"Nothing Phone (2a) 5G (Blue, 128 GB)","₹21,999",4.4,8 GB RAM | 128 GB ROM17.02 cm (6.7 inch) Full HD+ Display50MP (OIS) + 50MP | 32MP Front Camera5000 mAh BatteryDimensity 7200 Pro Processor1 Year Manufacturing Warranty
6,"Infinix Note 40 Pro+ 5G (Obsidian Black, 256 GB)","₹21,999",4.2,12 GB RAM | 256 GB ROM17.22 cm (6.78 inch) Full HD+ Display108MP (OIS) + 2MP + 2MP | 32MP Front Camera4600 mAh BatteryMediatek Dimensity 7020 Processor1 Year Warranty on Handset and 6 Months Warranty on Inbox Accessories
7,"Nothing Phone (2a) 5G (Blue, 256 GB)","₹23,999",4.4,8 GB RAM | 256 GB ROM17.02 cm (6.7 inch) Full HD+ Display50MP (OIS) + 50MP | 32MP Front Camera5000 mAh BatteryDimensity 7200 Pro Processor1 Year Manufacturing Warranty
8,"Nothing Phone (2a) 5G (Special Edition, 256 GB)","₹25,999",4.4,8 GB RAM | 256 GB ROM17.02 cm (6.7 inch) Full HD+ Display50MP (OIS) + 50MP | 32MP Front Camera5000 mAh BatteryDimensity 7200 Pro Processor1 Year Manufacturing Warranty
9,"Apple iPhone 15 Plus (Black, 256 GB)","₹78,999",4.6,"256 GB ROM17.02 cm (6.7 inch) Super Retina XDR Display48MP + 12MP | 12MP Front CameraA16 Bionic Chip, 6 Core Processor Processor1 year warranty for phone and 1 year warranty for in Box Accessories."
10,"Apple iPhone 15 (Black, 256 GB)","₹74,999",4.6,"256 GB ROM15.49 cm (6.1 inch) Super Retina XDR Display48MP + 12MP | 12MP Front CameraA16 Bionic Chip, 6 Core Processor Processor1 year warranty for phone and 1 year warranty for in Box Accessories."
11,"Apple iPhone 15 (Black, 128 GB)","₹64,999",4.6,"128 GB ROM15.49 cm (6.1 inch) Super Retina XDR Display48MP + 12MP | 12MP Front CameraA16 Bionic Chip, 6 Core Processor Processor1 year warranty for phone and 1 year warranty for in Box Accessories."
12,"Apple iPhone 16 Plus (Pink, 256 GB)","₹88,999",4.6,"256 GB ROM17.02 cm (6.7 inch) Super Retina XDR Display48MP + 12MP | 12MP Front CameraA18 Chip, 6 Core Processor Processor1 year warranty for phone and 1 year warranty for in Box Accessories."
13,"Apple iPhone 16 Plus (White, 128 GB)","₹78,999",4.6,"128 GB ROM17.02 cm (6.7 inch) Super Retina XDR Display48MP + 12MP | 12MP Front CameraA18 Chip, 6 Core Processor Processor1 year warranty for phone and 1 year warranty for in Box Accessories."
14,"POCO F6 5G (Titanium, 256 GB)","₹22,999",4.3,8 GB RAM | 256 GB ROM16.94 cm (6.67 inch) Display50MP (OIS) + 8MP | 20MP Front Camera5000 mAh Battery8s Gen3 Processor1 Year Manufacturer Warranty for Phone and 6 Months Warranty for In the Box Accessories
15,"Google Pixel 7 (Lemongrass, 128 GB)","₹31,999",4.3,8 GB RAM | 128 GB ROM16.0 cm (6.3 inch) Full HD+ Display50MP + 12MP | 10.8MP Front Camera4270 mAh BatteryGoogle Tensor G2 Processor1 Year warranty
16,"SAMSUNG Galaxy S23 5G (Cream, 128 GB)","₹39,999",4.6,8 GB RAM | 128 GB ROM15.49 cm (6.1 inch) Full HD+ Display50MP + 10MP + 12MP | 12MP Front Camera3900 mAh Lithium Ion BatteryQualcomm Snapdragon 8 Gen 2 Processor1 Year Manufacturer Warranty for Device and 6 Months Manufacturer Warranty for In-Box Accessories
17,"vivo T2x 5G (Marine Blue, 128 GB)","₹12,999",4.4,6 GB RAM | 128 GB ROM16.71 cm (6.58 inch) Full HD+ Display50MP + 2MP | 8MP Front Camera5000 mAh BatteryMediatek Dimensity 6020 Processor1 Year of Device & 6 Months for Inbox Accessories
18,"Google Pixel 7 (Snow, 128 GB)","₹31,999",4.3,8 GB RAM | 128 GB ROM16.0 cm (6.3 inch) Full HD+ Display50MP + 12MP | 10.8MP Front Camera4270 mAh BatteryGoogle Tensor G2 ProcessorNA
19,"REDMI Note 13 Pro 5G (Arctic White, 256 GB)","₹18,551",4.3,8 GB RAM | 256 GB ROM16.94 cm (6.67 inch) Display200MP (OIS) + 8MP + 2MP | 16MP Front Camera5100 mAh Battery7s Gen 2 Mobile Platform 5G Processor1 Year Manufacturer Warranty for Phone and 6 Months Warranty for In the Box Accessories
20,"Xiaomi 14 CIVI (Shadow Black, 256 GB)","₹39,999",4.3,8 GB RAM | 256 GB ROM16.64 cm (6.55 inch) Display50MP Rear Camera | 32MP + 32MP Dual Front Camera4700 mAh Battery8s Gen 3 Mobile Platform Processor1 Year Manufacturer Warranty for Phone and 6 Months Warranty for In the Box Accessories
21,"Apple iPhone 15 Plus (Black, 128 GB)","₹68,999",4.6,"128 GB ROM17.02 cm (6.7 inch) Super Retina XDR Display48MP + 12MP | 12MP Front CameraA16 Bionic Chip, 6 Core Processor Processor1 year warranty for phone and 1 year warranty for in Box Accessories."
22,"Motorola Edge 50 Pro 5G with 125W Charger (Luxe Lavender, 256 GB)","₹29,999",4.4,12 GB RAM | 256 GB ROM17.02 cm (6.7 inch) Display50MP + 13MP + 10MP | 50MP Front Camera4500 mAh Battery7 Gen 3 Mobile Platform Processor1 Year on Handset and 6 Months on Accessories
23,"SAMSUNG Galaxy F55 5G (Apricot Crush, 256 GB)","₹23,999",4,12 GB RAM | 256 GB ROM | Expandable Upto 1 TB17.02 cm (6.7 inch) Full HD+ Display50MP + 8MP + 2MP | 50MP Front Camera5000 mAh Battery7 Gen 1 Processor1 Year Manufacturer Warranty for Device and 6 Months for In-Box Accessories
24,"Apple iPhone 8 Plus (Gold, 64 GB)","₹49,900",4.6,"64 GB ROM13.97 cm (5.5 inch) Retina HD Display12MP + 12MP | 7MP Front CameraA11 Bionic Chip with 64-bit Architecture, Neural Engine, Embedded M11 Motion Coprocessor ProcessorBrand Warranty of 1 Year"
25,"Apple iPhone SE 3rd Gen (Product (Red), 64 GB)","₹47,600",4.4,"64 GB ROM11.94 cm (4.7 inch) Retina HD Display12MP Rear Camera | 7MP Front CameraA15 Bionic Chip, 6 Core Processor Processor1 year warranty for phone and 1 year warranty for in Box Accessories."
26,"REDMI Note 14 Pro 5G (Titan Black, 128 GB)","₹24,999",4.4,8 GB RAM | 128 GB ROM16.94 cm (6.67 inch) Display50MP + 8MP + 2MP | 20MP Front Camera5500 mAh BatteryDimensity 7300 Ultra Processor1 Year Manufacturer Warranty for Phone and 6 Months Warranty for In the Box Accessories
27,"REDMI Note 14 Pro+ 5G (Titan Black, 256 GB)","₹32,999",4.3,8 GB RAM | 256 GB ROM16.94 cm (6.67 inch) Display50MP + 50MP + 8MP | 20MP Front Camera6200 mAh Battery7s Gen 3 Processor1 Year Manufacturer Warranty for Phone and 6 Months Warranty for In the Box Accessories
28,"Apple iPhone XR (White, 64 GB) (Includes EarPods, Power Adapter)","₹47,900",4.6,64 GB ROM15.49 cm (6.1 inch) Display12MP Rear Camera | 7MP Front CameraA12 Bionic Chip ProcessoriOS 13 Compatible1 year warranty for phone and 1 year warranty for in Box Accessories.
29,"Apple iPhone 8 Plus (Space Grey, 64 GB)","₹49,900",4.6,"64 GB ROM13.97 cm (5.5 inch) Retina HD Display12MP + 12MP | 7MP Front CameraA11 Bionic Chip with 64-bit Architecture, Neural Engine, Embedded M11 Motion Coprocessor ProcessorBrand Warranty of 1 Year"
30,"REDMI Note 14 Pro+ 5G (Phantom Purple, 256 GB)","₹32,999",4.3,8 GB RAM | 256 GB ROM16.94 cm (6.67 inch) Display50MP + 50MP + 8MP | 20MP Front Camera6200 mAh Battery7s Gen 3 Processor1 Year Manufacturer Warranty for Phone and 6 Months Warranty for In the Box Accessories
31,"Apple iPhone XR (Yellow, 64 GB) (Includes EarPods, Power Adapter)","₹47,900",4.6,64 GB ROM15.49 cm (6.1 inch) Display12MP Rear Camera | 7MP Front CameraA12 Bionic Chip ProcessoriOS 13 Compatible1 year warranty for phone and 1 year warranty for in Box Accessories.
32,"POCO C75 5G (Silver Stardust, 64 GB)","₹7,999",4.3,4 GB RAM | 64 GB ROM | Expandable Upto 1 TB17.48 cm (6.88 inch) HD+ Display50MP Rear Camera | 5MP Front Camera5160 mAh Battery4s Gen 2 5G Processor1 Year Manufacturer Warranty for Phone and 6 Months Warranty for In the Box Accessories
33,"SAMSUNG Galaxy F05 (Twilight Blue, 64 GB)","₹6,249",4.2,4 GB RAM | 64 GB ROM | Expandable Upto 1 TB17.12 cm (6.74 inch) HD+ Display50MP + 2MP | 8MP Front Camera5000 mAh BatteryHelio G85 Processor1 Year Manufacturer Warranty for Device and 6 Months for In-Box Accessories
34,"MOTOROLA g35 5G (Midnight Black, 128 GB)","₹9,999",4.2,4 GB RAM | 128 GB ROM | Expandable Upto 1 TB17.07 cm (6.72 inch) Full HD+ Display50MP + 8MP | 16MP Front Camera5000 mAh BatteryT760 Processor12 5G Bands with VoNR|4K Video Recording|Vision Booster Technology1 Year on Handset and 6 Months on Accessories
35,"Motorola g45 5G (Viva Magenta, 128 GB)","₹9,999",4.3,4 GB RAM | 128 GB ROM | Expandable Upto 1 TB16.51 cm (6.5 inch) HD+ Display50MP + 2MP | 16MP Front Camera5000 mAh BatterySnapdragon 6s Gen 3 Processor1 Year Warranty on Handset and 6 Months Warranty on Accessories
36,"MOTOROLA g35 5G (Leaf Green, 128 GB)","₹9,999",4.2,4 GB RAM | 128 GB ROM | Expandable Upto 1 TB17.07 cm (6.72 inch) Full HD+ Display50MP + 8MP | 16MP Front Camera5000 mAh BatteryT760 Processor12 5G Bands with VoNR|4K Video Recording|Vision Booster Technology1 Year on Handset and 6 Months on Accessories
37,"Motorola g45 5G (Brilliant Blue, 128 GB)","₹11,999",4.4,8 GB RAM | 128 GB ROM | Expandable Upto 1 TB16.51 cm (6.5 inch) HD+ Display50MP + 2MP | 16MP Front Camera5000 mAh BatterySnapdragon 6s Gen 3 Processor1 Year Warranty on Handset and 6 Months Warranty on Accessories
38,"SAMSUNG Galaxy A05 (Silver, 128 GB)","₹8,100",4.2,6 GB RAM | 128 GB ROM | Expandable Upto 1 TB17.12 cm (6.74 inch) HD+ Display50MP + 2MP | 8MP Front Camera5000 mAh BatteryHelio G85 Processor1 Year Manufacturer Warranty for Device and 6 Months Manufacturer Warranty for Inbox Accessories
39,"POCO C61  - Locked with Airtel Prepaid (Diamond Dust Black, 64 GB)","₹5,399",4.2,4 GB RAM | 64 GB ROM | Expandable Upto 1 TB17.04 cm (6.71 inch) HD+ Display8MP Rear Camera | 5MP Front Camera5000 mAh BatteryHelio G36 Processor1 Year Manufacturer Warranty for Phone and 6 Months Warranty for In the Box Accessories
40,"Nokia 105 Single SIM, Keypad Mobile Phone with Wireless FM Radio","₹1,179",4,32 MB RAM | 32 MB ROM4.5 cm (1.77 inch) Display0MP | 0MP Front Camera1000 mAh BatterySC6531E Processor1YR BRAND WARRANTY ON HANDSET & 6 MONTHS WARRANTY ON ACCESSORIES
41,"Motorola e13 (Aurora Green, 64 GB)","₹6,999",4.1,4 GB RAM | 64 GB ROM | Expandable Upto 1 TB16.51 cm (6.5 inch) HD+ Display13MP Rear Camera | 5MP Front Camera5000 mAh BatteryUnisoc T606 Processor1 Year on Handset and 6 Months on Accessories
42,"realme C61 (Marble Black, 128 GB)","₹8,199",4.4,6 GB RAM | 128 GB ROM | Expandable Upto 2 TB17.13 cm (6.745 inch) HD+ Display32MP Rear Camera | 5MP Front Camera5000 mAh BatteryT612 Processor1 Year Manufacturer Warranty for Device and 6 Months Manufacturer Warranty for Inbox Accessories
43,"Motorola Edge 50 Fusion (Marshmallow Blue, 256 GB)","₹22,999",4.4,12 GB RAM | 256 GB ROM17.02 cm (6.7 inch) Full HD+ Display50MP + 13MP | 32MP Front Camera5000 mAh Battery7s Gen 2 Processor1 Year on Handset and 6 Months on Accessories
44,SAMSUNG SM-B310EZDDINS,"₹1,369",3.2,100 MB RAM | 100 MB ROM | Expandable Upto 100 MB4.57 cm (1.8 inch) VGA Display0MP | 0MP Front Camera800 mAh BatteryNA ProcessorNo Warranty
45,"SAMSUNG Galaxy A05 (Silver, 64 GB)","₹7,790",4.4,4 GB RAM | 64 GB ROM | Expandable Upto 1 TB17.12 cm (6.74 inch) HD+ Display50MP + 2MP | 8MP Front Camera5000 mAh BatteryHelio G85 Processor1 Year Manufacturer Warranty for Device and 6 Months Manufacturer Warranty for Inbox Accessories
46,"Motorola Edge 50 Fusion (Hot Pink, 256 GB)","₹22,999",4.4,12 GB RAM | 256 GB ROM17.02 cm (6.7 inch) Full HD+ Display50MP + 13MP | 32MP Front Camera5000 mAh Battery7s Gen 2 Processor1 Year on Handset and 6 Months on Accessories
47,HOTLINE H310,₹469,3.4,32 MB RAM | 32 MB ROM4.57 cm (1.8 inch) Display0.3MP Rear Camera1000 mAh Battery3 Months Manufacturer Warranty
48,"Nokia 130 Music Dual Sim, Music Player, Wireless FM Radio and Dedicated Buttons","₹1,799",4.1,4 MB RAM | 4 MB ROM6.1 cm (2.4 inch) Display0MP Front Camera1450 mAh Battery6261D Processor1YR BRAND WARRANTY ON HANDSET & 6 MONTHS WARRANTY ON ACCESSORIES
49,"Motorola g64 5G (Mint Green, 256 GB)","₹15,999",4.2,12 GB RAM | 256 GB ROM | Expandable Upto 1 TB16.51 cm (6.5 inch) Full HD+ Display50MP (OIS) + 8MP | 16MP Front Camera6000 mAh BatteryDimensity 7025 Processor1 Year on Handset and 6 Months on Accessories
50,"Infinix SMART 8 HD (Crystal Green, 64 GB)","₹6,699",4.3,3 GB RAM | 64 GB ROM | Expandable Upto 2 TB16.76 cm (6.6 inch) HD+ Display13MP + AI Lens | 8MP Front Camera5000 mAh BatteryT606 Processor1 Year on Handset and 6 Months on Accessories
51,"Motorola Edge 50 Fusion (Forest Blue, 256 GB)","₹22,999",4.4,12 GB RAM | 256 GB ROM17.02 cm (6.7 inch) Full HD+ Display50MP + 13MP | 32MP Front Camera5000 mAh Battery7s Gen 2 Processor1 Year on Handset and 6 Months on Accessories
52,"Motorola g64 5G (Ice Lilac, 128 GB)","₹13,999",4.3,8 GB RAM | 128 GB ROM | Expandable Upto 1 TB16.51 cm (6.5 inch) Full HD+ Display50MP (OIS) + 8MP | 16MP Front Camera6000 mAh BatteryDimensity 7025 Processor1 Year on Handset and 6 Months on Accessories
53,itel it5330 | 2.8 inch Big Display | 1900 mAh Battery | Kingvoice,"₹1,290",4.1,32 MB RAM | 32 MB ROM | Expandable Upto 32 GB7.11 cm (2.8 inch) Quarter QVGA Display0.8MP + 0MP | 0MP Front Camera1900 mAh BatteryUnisoc Processor12+1 month manufacturer warranty
54,"SAMSUNG Galaxy A05 (Black, 128 GB)","₹12,499",4.2,6 GB RAM | 128 GB ROM | Expandable Upto 1 TB17.12 cm (6.74 inch) HD+ Display50MP + 2MP | 8MP Front Camera5000 mAh BatteryHelio G85 Processor1 Year Manufacturer Warranty for Device and 6 Months Manufacturer Warranty for Inbox Accessories
55,"realme C63 (Leather Blue, 128 GB)","₹8,999",4.3,4 GB RAM | 128 GB ROM | Expandable Upto 2 TB17.13 cm (6.745 inch) HD+ Display50MP Rear Camera | 8MP Front Camera5000 mAh BatteryT612 Processor1 Year Manufacturer Warranty for Device and 6 Months Manufacturer Warranty for Inbox Accessories
56,"Infinix SMART 8 HD (Timber Black, 64 GB)","₹6,699",4.3,3 GB RAM | 64 GB ROM | Expandable Upto 2 TB16.76 cm (6.6 inch) HD+ Display13MP + AI Lens | 8MP Front Camera5000 mAh BatteryT606 Processor1 Year on Handset and 6 Months on Accessories
57,SAMSUNG Metro B313E Dual Sim - White,"₹1,799",3.1,10 MB RAM | 1 MB ROM5.08 cm (2 inch) QVGA Display0.3MP Rear Camera1000 mAh BatteryNO WARRANTY
58,Nokia 106,"₹1,099",3.9,32 MB RAM | 32 MB ROM17.02 cm (6.7 inch) Display1000 mAh BatterySC6531E Processor1YR BRAND WARRANTY ON HANDSET & 6 MONTHS WARRANTY ON ACCESSORIES
59,"Infinix SMART 8 (Rainbow Blue, 64 GB)","₹7,299",4.3,4 GB RAM | 64 GB ROM | Expandable Upto 2 TB16.76 cm (6.6 inch) HD+ Display50MP + AI Lens | 8MP Front Camera5000 mAh BatteryHelio G36 Processor1 Year on Handset and 6 Months on Accessories
60,"CMF by Nothing Phone 1 (Light Green, 128 GB)","₹15,999",4.4,6 GB RAM | 128 GB ROM | Expandable Upto 2 TB16.94 cm (6.67 inch) Full HD+ Display50MP + 2MP | 16MP Front Camera5000 mAh BatteryDimensity 7300 5G Processor1 Year Manufacturing Warranty
61,"realme P1 5G (Peacock Green, 128 GB)","₹13,999",4.4,6 GB RAM | 128 GB ROM | Expandable Upto 2 TB16.94 cm (6.67 inch) Full HD+ Display50MP + 2MP | 16MP Front Camera5000 mAh BatteryDimensity 7050 Processor1 Year Manufacturer Warranty for Device and 6 Months Manufacturer Warranty for Inbox Accessories
62,"Motorola g64 5G (Mint Green, 128 GB)","₹13,999",4.3,8 GB RAM | 128 GB ROM | Expandable Upto 1 TB16.51 cm (6.5 inch) Full HD+ Display50MP (OIS) + 8MP | 16MP Front Camera6000 mAh BatteryDimensity 7025 Processor1 Year on Handset and 6 Months on Accessories
63,"CMF by Nothing Phone 1 (Black, 128 GB)","₹15,999",4.4,6 GB RAM | 128 GB ROM | Expandable Upto 2 TB16.94 cm (6.67 inch) Full HD+ Display50MP + 2MP | 16MP Front Camera5000 mAh BatteryDimensity 7300 5G Processor1 Year Manufacturing Warranty
64,"POCO M6 5G - Locked with Airtel Prepaid (Galactic Black, 128 GB)","₹7,920",4.2,4 GB RAM | 128 GB ROM | Expandable Upto 1 TB17.12 cm (6.74 inch) HD+ Display50MP Rear Camera | 5MP Front Camera5000 mAh BatteryMediatek Dimensity 6100+ Processor1 Year Manufacturer Warranty for Phone and 6 Months Warranty for In the Box Accessories
65,"Motorola Edge 50 Fusion (Hot Pink, 128 GB)","₹20,999",4.5,8 GB RAM | 128 GB ROM17.02 cm (6.7 inch) Full HD+ Display50MP + 13MP | 32MP Front Camera5000 mAh Battery7s Gen 2 Processor1 Year on Handset and 6 Months on Accessories
66,"Apple iPhone 13 (Starlight, 128 GB)","₹44,999",4.6,128 GB ROM15.49 cm (6.1 inch) Super Retina XDR Display12MP + 12MP | 12MP Front CameraA15 Bionic Chip Processor1 year warranty for phone and 1 year warranty for in Box Accessories.
67,"REDMI 13C 5G (Starlight Black, 128 GB)","₹8,999",4.3,4 GB RAM | 128 GB ROM | Expandable Upto 1 TB17.12 cm (6.74 inch) HD+ Display50MP Rear Camera | 5MP Front Camera5000 mAh BatteryMediatek Dimensity 6100+ Processor1 Year Manufacturer Warranty for Phone and 6 Months Warranty for In the Box Accessories
68,LAVA A3 Vibe DS Keypad Mobile| 1750 mAh Battery|Expandable Storage 32GB,"₹1,199",4.1,4 MB RAM | 32 MB ROM | Expandable Upto 32 GB4.5 cm (1.77 inch) Display0.3MP Rear Camera | 0.3MP Front Camera1750 mAh Battery1 year manufacturer Replacement for device and 6 months manufacturer warranty for in-box accessories including batteries from the date of purchase
69,TARAA Ferrari,"₹1,519",4,32 MB RAM | 32 MB ROM4.5 cm (1.77 inch) Display0.3MP Rear Camera1000 mAh Battery1 Month Manufacturer Warranty
70,"REDMI A3 (Olive Green, 128 GB)","₹8,789",4.1,6 GB RAM | 128 GB ROM | Expandable Upto 1 TB17.04 cm (6.71 inch) HD+ Display8MP Rear Camera | 5MP Front Camera5000 mAh BatteryMediatek Helio G36 Processor1 Year Manufacturer Warranty for Phone and 6 Months Warranty for In the Box Accessories
71,MOTOROLA A10V DS Keypad Phone with Voice Feature|800 mAh Battery|Wireless FM Recording,"₹1,167",4.2,4 MB RAM | 0.03 GB ROM | Expandable Upto 64 GB4.57 cm (1.8 inch) Display800 mAh Battery1 Year Handset Warranty and 6 Months Warranty on Accessories
72,hmd 105 Dual Sim,₹980,4.1,4 MB RAM | 4 MB ROM | Expandable Upto 32 GB5.08 cm (2 inch) Display1000 mAh BatterySC6531E Processor1 Year Replacement.
73,"MOTOROLA Edge 50 (Koala Grey, 256 GB)","₹21,999",4.3,8 GB RAM | 256 GB ROM16.94 cm (6.67 inch) Display50MP + 13MP + 10MP | 32MP Front Camera5000 mAh BatterySnapdragon 7 Gen 1 Accelerated Edition Processor1 Year Warranty on Handset and 6 Months Warranty on Accessories
74,SAMSUNG Metro 313,"₹26,999",3.3,4 MB RAM | 2 MB ROM | Expandable Upto 16 GB5.16 cm (2.03 inch) Display0.3MP Rear Camera1000 mAh Battery1 Year Manufacturer Warranty
75,"realme 13 Pro+ 5G (Emerald Green, 256 GB)","₹1,199",4.5,12 GB RAM | 256 GB ROM17.02 cm (6.7 inch) Full HD+ Display50MP + 8MP + 50MP | 32MP Front Camera5200 mAh BatterySnapdragon 7s Gen2 Processor1 Year Manufacturer Warranty for Device and 6 Months Manufacturer Warranty for Inbox Accessories
76,LAVA A3 Vibe DS Keypad Mobile| 1750 mAh Battery|Expandable Storage 32GB,"₹12,201",4.2,32 MB ROM | Expandable Upto 32 GB4.5 cm (1.77 inch) Display0.3MP Rear Camera | 0.3MP Front Camera1750 mAh Battery1 year manufacturer Replacement for device and 6 months manufacturer warranty for in-box accessories including batteries from the date of purchase
77,"REDMI 13 5G (Hawaiian Blue, 128 GB)","₹28,999",4.3,6 GB RAM | 128 GB ROM17.25 cm (6.79 inch) Full HD+ Display108MP Rear Camera5030 mAh BatteryQualcomm SM4450 Snapdragon 4 Gen 2 AE (4 nm) Processor1 year manufacture warranty
78,"realme 13 Pro+ 5G (Monet Gold, 512 GB)","₹12,083",4.5,12 GB RAM | 512 GB ROM17.02 cm (6.7 inch) Full HD+ Display50MP + 8MP + 50MP | 32MP Front Camera5200 mAh BatterySnapdragon 7s Gen2 Processor1 Year Manufacturer Warranty for Device and 6 Months Manufacturer Warranty for Inbox Accessories
79,"REDMI 13 5G (Black Diamond, 128 GB)","₹1,130",4.3,6 GB RAM | 128 GB ROM17.25 cm (6.79 inch) Full HD+ Display108MP Rear Camera5030 mAh BatteryQualcomm SM4450 Snapdragon 4 Gen 2 AE (4 nm) Processor1 year manufacture warranty
80,itel it5027,"₹17,046",4,4 MB RAM | 4 MB ROM | Expandable Upto 32 GB6.1 cm (2.4 inch) NA Display0.3MP + 0MP | 0MP Front Camera1200 mAh BatteryNA Processor12+1 Months Warranty for device 6 months for accessories 111 Days Replacement
81,"REDMI Note 13 Pro 5G (Scarlet Red, 128 GB)",₹937,4.3,8 GB RAM | 128 GB ROM16.94 cm (6.67 inch) Display200MP (OIS) + 8MP + 2MP | 16MP Front Camera5100 mAh Battery7s Gen 2 Mobile Platform 5G Processor1 Year Manufacturer Warranty for Phone and 6 Months Warranty for In the Box Accessories
82,Jio V2 Keypad Phone (UPI) Locked,"₹13,999",3.7,20 MB RAM | 20 MB ROM4.5 cm (1.77 inch) Display0.3MP Rear Camera1000 mAh Battery1 Year Manufacturer Warranty
83,"Infinix Note 40X 5G (Lime Green, 256 GB)","₹20,999",4.3,12 GB RAM | 256 GB ROM | Expandable Upto 1 TB17.22 cm (6.78 inch) Full HD+ Display108MP + 2MP + AI Lens | 8MP Front Camera5000 mAh Lithium-ion Polymer BatteryDimensity 6300 Processor1 Year Warranty on Handset and 6 Months Warranty on Accessories
84,"Motorola Edge 50 Fusion (Forest Blue, 128 GB)","₹1,393",4.5,8 GB RAM | 128 GB ROM17.02 cm (6.7 inch) Full HD+ Display50MP + 13MP | 32MP Front Camera5000 mAh Battery7s Gen 2 Processor1 Year on Handset and 6 Months on Accessories
85,MOTOROLA A50V Dual Sim Keypad Phone|1750 mAh Battery|1.8inch Display|Expandable Upto 32GB,₹983,4.1,4 MB RAM | 0.05 GB ROM | Expandable Upto 32 GB4.57 cm (1.8 inch) Display1750 mAh Battery2 Years Domestic Replacement Warranty
86,hmd 105 Dual Sim,"₹15,999",4.1,4 MB RAM | 4 MB ROM | Expandable Upto 32 GB5.08 cm (2 inch) Display1000 mAh BatterySC6531E Processor1 Year Replacement.
87,"realme P1 5G (Phoenix Red, 256 GB)","₹12,724",4.4,8 GB RAM | 256 GB ROM | Expandable Upto 2 TB16.94 cm (6.67 inch) Full HD+ Display50MP + 2MP | 16MP Front Camera5000 mAh BatteryDimensity 7050 Processor1 Year Manufacturer Warranty for Device and 6 Months Manufacturer Warranty for Inbox Accessories
88,"SAMSUNG galaxy M15 5G (Celestrial Blue, 128 GB)","₹1,095",4.3,6 GB RAM | 128 GB ROM16.51 cm (6.5 inch) Display50MP Rear Camera6000 mAh BatteryMediaTek ProcessorDomestic Warranty Of 1 Year For Handset And 6 Month For Accessories.
89,Nokia 106,"₹44,999",3.9,32 MB RAM | 32 MB ROM17.02 cm (6.7 inch) Display1000 mAh BatterySC6531E Processor1YR BRAND WARRANTY ON HANDSET & 6 MONTHS WARRANTY ON ACCESSORIES
90,"Apple iPhone 13 (Blue, 128 GB)","₹15,999",4.6,128 GB ROM15.49 cm (6.1 inch) Super Retina XDR Display12MP + 12MP | 12MP Front CameraA15 Bionic Chip Processor1 year warranty for phone and 1 year warranty for in Box Accessories.
91,"CMF by Nothing Phone 1 (Blue, 128 GB)","₹1,164",4.4,6 GB RAM | 128 GB ROM | Expandable Upto 2 TB16.94 cm (6.67 inch) Full HD+ Display50MP + 2MP | 16MP Front Camera5000 mAh BatteryDimensity 7300 5G Processor1 Year Manufacturing Warranty
92,MOTOROLA A10V DS Keypad Phone with Voice Feature|800 mAh Battery|Wireless FM Recording,₹997,4.2,4 MB RAM | 32 MB ROM | Expandable Upto 64 GB4.57 cm (1.8 inch) Display800 mAh Battery2 Years Domestic Replacement Warranty
93,SAMSUNG 1200,"₹6,999",3.2,32 MB RAM | 32 MB ROM3.81 cm (1.5 inch) Display800 mAh BatteryNO WARRANTY
94,"REDMI A3 (Olive Green, 64 GB)","₹17,999",4.1,3 GB RAM | 64 GB ROM | Expandable Upto 1 TB17.04 cm (6.71 inch) HD+ Display8MP Rear Camera | 5MP Front Camera5000 mAh BatteryMediatek Helio G36 Processor1 Year Manufacturer Warranty for Phone and 6 Months Warranty for In the Box Accessories
95,"CMF by Nothing Phone 1 (Light Green, 128 GB)","₹32,999",4.4,8 GB RAM | 128 GB ROM | Expandable Upto 2 TB16.94 cm (6.67 inch) Full HD+ Display50MP + 2MP | 16MP Front Camera5000 mAh BatteryDimensity 7300 5G Processor1 Year Manufacturing Warranty
96,"REDMI Note 14 Pro+ 5G (Titan Black, 256 GB)","₹32,999",4.3,8 GB RAM | 256 GB ROM16.94 cm (6.67 inch) Display50MP + 50MP + 8MP | 20MP Front Camera6200 mAh Battery7s Gen 3 Processor1 Year Manufacturer Warranty for Phone and 6 Months Warranty for In the Box Accessories
97,"REDMI Note 14 Pro+ 5G (Phantom Purple, 256 GB)","₹12,201",4.3,8 GB RAM | 256 GB ROM16.94 cm (6.67 inch) Display50MP + 50MP + 8MP | 20MP Front Camera6200 mAh Battery7s Gen 3 Processor1 Year Manufacturer Warranty for Phone and 6 Months Warranty for In the Box Accessories
98,"REDMI 13 5G (Hawaiian Blue, 128 GB)","₹1,130",4.3,6 GB RAM | 128 GB ROM17.25 cm (6.79 inch) Full HD+ Display108MP Rear Camera5030 mAh BatteryQualcomm SM4450 Snapdragon 4 Gen 2 AE (4 nm) Processor1 year manufacture warranty
99,itel it5027,"₹20,999",4,4 MB RAM | 4 MB ROM | Expandable Upto 32 GB6.1 cm (2.4 inch) NA Display0.3MP + 0MP | 0MP Front Camera1200 mAh BatteryNA Processor12+1 Months Warranty for device 6 months for accessories 111 Days Replacement
100,"Motorola Edge 50 Fusion (Forest Blue, 128 GB)","₹1,393",4.5,8 GB RAM | 128 GB ROM17.02 cm (6.7 inch) Full HD+ Display50MP + 13MP | 32MP Front Camera5000 mAh Battery7s Gen 2 Processor1 Year on Handset and 6 Months on Accessories
101,MOTOROLA A50V Dual Sim Keypad Phone|1750 mAh Battery|1.8inch Display|Expandable Upto 32GB,₹983,4.1,4 MB RAM | 0.05 GB ROM | Expandable Upto 32 GB4.57 cm (1.8 inch) Display1750 mAh Battery2 Years Domestic Replacement Warranty
102,hmd 105 Dual Sim,"₹12,999",4.1,4 MB RAM | 4 MB ROM | Expandable Upto 32 GB5.08 cm (2 inch) Display1000 mAh BatterySC6531E Processor1 Year Replacement.
103,"Infinix Note 40X 5G (Lime Green, 256 GB)","₹1,459",4.2,8 GB RAM | 256 GB ROM | Expandable Upto 1 TB17.22 cm (6.78 inch) Full HD+ Display108MP + 2MP + AI Lens | 8MP Front Camera5000 mAh Lithium-ion Polymer BatteryDimensity 6300 Processor1 Year Warranty on Handset and 6 Months Warranty on Accessories
104,"Nokia 110 Dual Sim, Keypad Mobile with Wireless FM Radio, Bluetooth and Rear Camera","₹13,999",3.8,32 MB RAM | 32 MB ROM17.02 cm (6.7 inch) Display0.08MP Rear Camera1000 mAh Battery6531E Processor1YR BRAND WARRANTY ON HANDSET & 6 MONTHS WARRANTY ON ACCESSORIES
105,"Infinix Note 40X 5G (Lime Green, 256 GB)","₹12,724",4.3,12 GB RAM | 256 GB ROM | Expandable Upto 1 TB17.22 cm (6.78 inch) Full HD+ Display108MP + 2MP + AI Lens | 8MP Front Camera5000 mAh Lithium-ion Polymer BatteryDimensity 6300 Processor1 Year Warranty on Handset and 6 Months Warranty on Accessories
106,"SAMSUNG galaxy M15 5G (Celestrial Blue, 128 GB)","₹44,999",4.3,6 GB RAM | 128 GB ROM16.51 cm (6.5 inch) Display50MP Rear Camera6000 mAh BatteryMediaTek ProcessorDomestic Warranty Of 1 Year For Handset And 6 Month For Accessories.
107,"Apple iPhone 13 (Blue, 128 GB)","₹1,164",4.6,128 GB ROM15.49 cm (6.1 inch) Super Retina XDR Display12MP + 12MP | 12MP Front CameraA15 Bionic Chip Processor1 year warranty for phone and 1 year warranty for in Box Accessories.
108,MOTOROLA A10V DS Keypad Phone with Voice Feature|800 mAh Battery|Wireless FM Recording,"₹22,586",4.2,4 MB RAM | 32 MB ROM | Expandable Upto 64 GB4.57 cm (1.8 inch) Display800 mAh Battery2 Years Domestic Replacement Warranty
109,"OnePlus Nord CE4 (Celadon Marble, 128 GB)",₹997,4.5,8 GB RAM | 128 GB ROM17.02 cm (6.7 inch) Display50MP Rear Camera5500 mAh BatteryOxygenOS 14.0 ProcessorDomestic Warranty 1 Year For Handset And 6 month For Accessories.
110,SAMSUNG 1200,"₹15,999",3.2,32 MB RAM | 32 MB ROM3.81 cm (1.5 inch) Display800 mAh BatteryNO WARRANTY
111,"CMF by Nothing Phone 1 (Blue, 128 GB)","₹15,999",4.4,6 GB RAM | 128 GB ROM | Expandable Upto 2 TB16.94 cm (6.67 inch) Full HD+ Display50MP + 2MP | 16MP Front Camera5000 mAh BatteryDimensity 7300 5G Processor1 Year Manufacturing Warranty
112,"Infinix Note 40 5G (Obsidian Black, 256 GB)","₹17,999",4.2,8 GB RAM | 256 GB ROM17.22 cm (6.78 inch) Full HD+ Display108MP + 2MP + 2MP | 32MP Front Camera5000 mAh BatteryDimensity 7020 Processor1 Year on Handset
113,"CMF by Nothing Phone 1 (Light Green, 128 GB)","₹6,999",4.4,8 GB RAM | 128 GB ROM | Expandable Upto 2 TB16.94 cm (6.67 inch) Full HD+ Display50MP + 2MP | 16MP Front Camera5000 mAh BatteryDimensity 7300 5G Processor1 Year Manufacturing Warranty
114,"REDMI A3 (Olive Green, 64 GB)","₹11,098",4.1,3 GB RAM | 64 GB ROM | Expandable Upto 1 TB17.04 cm (6.71 inch) HD+ Display8MP Rear Camera | 5MP Front Camera5000 mAh BatteryMediatek Helio G36 Processor1 Year Manufacturer Warranty for Phone and 6 Months Warranty for In the Box Accessories
115,"REDMI 13c 5G (Startrail Green, 128 GB)","₹54,999",4.3,6 GB RAM | 128 GB ROM17.12 cm (6.74 inch) Display50MP Rear Camera5000 mAh Battery1 Year
116,"Apple iPhone 14 (Blue, 128 GB)","₹1,196",4.6,"128 GB ROM15.49 cm (6.1 inch) Super Retina XDR Display12MP + 12MP | 12MP Front CameraA15 Bionic Chip, 6 Core Processor Processor1 year warranty for phone and 1 year warranty for in Box Accessories."
117,"IQOO 9 Pro 5G (Legend, 256 GB)","₹1,369",4.1,12 GB RAM | 256 GB ROM17.22 cm (6.78 inch) Full HD+ Display50MP + 50MP + 50MP + 16MP | 16MP Front Camera4700 mAh BatterySnapdragon® 8 Gen 1 Mobile Processor Processor1 year manufacturer warranty
118,SAMSUNG Metro 313,"₹24,999",3.3,4 MB RAM | 32 MB ROM5.16 cm (2.03 inch) Display0.3MP Rear Camera1000 mAh Battery1 Year Warranty
119,SAMSUNG Guru Music 2 B310ED,"₹32,999",3.1,32 MB RAM | 32 MB ROM | Expandable Upto 100 MB4.57 cm (1.8 inch) VGA Display0MP | 0MP Front Camera800 mAh BatteryNA Processor1 Year Warranty
120,"REDMI Note 14 Pro 5G (Titan Black, 128 GB)","₹37,999",4.4,8 GB RAM | 128 GB ROM16.94 cm (6.67 inch) Display50MP + 8MP + 2MP | 20MP Front Camera5500 mAh BatteryDimensity 7300 Ultra Processor1 Year Manufacturer Warranty for Phone and 6 Months Warranty for In the Box Accessories
121,"REDMI Note 14 Pro+ 5G (Titan Black, 256 GB)","₹88,999",4.3,8 GB RAM | 256 GB ROM16.94 cm (6.67 inch) Display50MP + 50MP + 8MP | 20MP Front Camera6200 mAh Battery7s Gen 3 Processor1 Year Manufacturer Warranty for Phone and 6 Months Warranty for In the Box Accessories
122,"realme GT 6 (Fluid Silver, 512 GB)","₹22,999",4.5,16 GB RAM | 512 GB ROM17.22 cm (6.78 inch) Full HD+ Display50MP + 8MP + 50MP | 32MP Front Camera5500 mAh Battery8s Gen 3 Mobile Platform Processor1 Year Manufacturer Warranty for Device and 6 Months Manufacturer Warranty for Inbox Accessories
123,"Apple iPhone 16 Plus (Black, 256 GB)","₹14,290",4.6,"256 GB ROM17.02 cm (6.7 inch) Super Retina XDR Display48MP + 12MP | 12MP Front CameraA18 Chip, 6 Core Processor Processor1 year warranty for phone and 1 year warranty for in Box Accessories."
124,"realme 13+ 5G (Dark Purple, 128 GB)","₹32,999",4.4,8 GB RAM | 128 GB ROM | Expandable Upto 2 TB16.94 cm (6.67 inch) Full HD+ Display50MP + 2MP | 16MP Front Camera5000 mAh BatteryDimensity 7300 Energy Processor1 Year Manufacturer Warranty for Device and 6 Months Manufacturer Warranty for Inbox Accessories
125,"SAMSUNG galaxy M15 5G (Blue Topaz, 128 GB)","₹26,999",4.1,8 GB RAM | 128 GB ROM16.51 cm (6.5 inch) Display50MP Rear Camera6000 mAh BatteryMediaTek ProcessorDomestic Warranty Of 1 Year For Handset And 6 Month For Accessories.
126,"REDMI Note 14 Pro+ 5G (Phantom Purple, 256 GB)","₹44,999",4.3,8 GB RAM | 256 GB ROM16.94 cm (6.67 inch) Display50MP + 50MP + 8MP | 20MP Front Camera6200 mAh Battery7s Gen 3 Processor1 Year Manufacturer Warranty for Phone and 6 Months Warranty for In the Box Accessories
127,"realme 13+ 5G (Speed Green, 256 GB)","₹26,999",4.2,12 GB RAM | 256 GB ROM | Expandable Upto 2 TB16.94 cm (6.67 inch) Full HD+ Display50MP + 2MP | 16MP Front Camera5000 mAh BatteryDimensity 7300 Energy Processor1 Year Manufacturer Warranty for Device and 6 Months Manufacturer Warranty for Inbox Accessories
128,"SAMSUNG Galaxy S24 FE 5G (Mint, 128 GB)","₹26,999",4.5,8 GB RAM | 128 GB ROM17.02 cm (6.7 inch) Full HD+ Display50MP + 12MP | 10MP Front Camera4700 mAh BatteryExynos 2400e Processor1 Year Manufacturer Warranty for Device and 6 Months for In-Box Accessories
129,"realme 13+ 5G (Victory Gold, 256 GB)","₹12,999",4.2,12 GB RAM | 256 GB ROM | Expandable Upto 2 TB16.94 cm (6.67 inch) Full HD+ Display50MP + 2MP | 16MP Front Camera5000 mAh BatteryDimensity 7300 Energy Processor1 Year Manufacturer Warranty for Device and 6 Months Manufacturer Warranty for Inbox Accessories
130,"realme 13 Pro+ 5G (Emerald Green, 256 GB)","₹25,999",4.5,12 GB RAM | 256 GB ROM17.02 cm (6.7 inch) Full HD+ Display50MP + 8MP + 50MP | 32MP Front Camera5200 mAh BatterySnapdragon 7s Gen2 Processor1 Year Manufacturer Warranty for Device and 6 Months Manufacturer Warranty for Inbox Accessories
131,"Infinix Note 40X 5G (Lime Green, 256 GB)","₹24,500",4.2,8 GB RAM | 256 GB ROM | Expandable Upto 1 TB17.22 cm (6.78 inch) Full HD+ Display108MP + 2MP + AI Lens | 8MP Front Camera5000 mAh Lithium-ion Polymer BatteryDimensity 6300 Processor1 Year Warranty on Handset and 6 Months Warranty on Accessories
132,"SAMSUNG Galaxy A35 5G (Awesome Lilac, 128 GB)","₹22,999",4.3,8 GB RAM | 128 GB ROM | Expandable Upto 1 TB16.76 cm (6.6 inch) Full HD+ Display50MP + 8MP + 5MP | 13MP Front Camera5000 mAh BatterySamsung Exynos 1380 Processor1 Year Manufacturer Warranty for Device and 6 Months for In-Box Accessories
133,"OnePlus Nord CE4 (Celadon Marble, 256 GB)","₹1,08,999",4.5,8 GB RAM | 256 GB ROM17.02 cm (6.7 inch) Display50MP Rear Camera5500 mAh BatteryOxygenOS 14.0 ProcessorDomestic Warranty 1 Year For Handset And 6 month For Accessories.
134,"Infinix GT 20 Pro (Mecha Silver, 256 GB)","₹12,201",4.4,8 GB RAM | 256 GB ROM17.22 cm (6.78 inch) Full HD+ Display108MP (OIS) + 2MP + 2MP | 32MP Front Camera5000 mAh BatteryDimensity 8200 Ultimate Processor1 Year Warranty
135,"Apple iPhone 16 Plus (Teal, 512 GB)","₹17,999",4.6,"512 GB ROM17.02 cm (6.7 inch) Super Retina XDR Display48MP + 12MP | 12MP Front CameraA18 Chip, 6 Core Processor Processor1 year warranty for phone and 1 year warranty for in Box Accessories."
136,"REDMI 13 5G (Hawaiian Blue, 128 GB)","₹88,999",4.3,6 GB RAM | 128 GB ROM17.25 cm (6.79 inch) Full HD+ Display108MP Rear Camera5030 mAh BatteryQualcomm SM4450 Snapdragon 4 Gen 2 AE (4 nm) Processor1 year manufacture warranty
137,"CMF by Nothing Phone 1 (Orange, 128 GB)","₹6,999",4.4,8 GB RAM | 128 GB ROM | Expandable Upto 2 TB16.94 cm (6.67 inch) Full HD+ Display50MP + 2MP | 16MP Front Camera5000 mAh BatteryDimensity 7300 5G Processor1 Year Manufacturing Warranty
138,"Apple iPhone 16 Plus (Ultramarine, 256 GB)","₹25,999",4.6,"256 GB ROM17.02 cm (6.7 inch) Super Retina XDR Display48MP + 12MP | 12MP Front CameraA18 Chip, 6 Core Processor Processor1 year warranty for phone and 1 year warranty for in Box Accessories."
139,"Motorola e13 (Aurora Green, 64 GB)","₹23,999",4.1,4 GB RAM | 64 GB ROM | Expandable Upto 1 TB16.51 cm (6.5 inch) HD+ Display13MP Rear Camera | 5MP Front Camera5000 mAh BatteryUnisoc T606 Processor1 Year on Handset and 6 Months on Accessories
140,"Nothing Phone (2a) 5G (Blue, 256 GB)","₹11,098",4.4,12 GB RAM | 256 GB ROM17.02 cm (6.7 inch) Full HD+ Display50MP (OIS) + 50MP | 32MP Front Camera5000 mAh BatteryDimensity 7200 Pro Processor1 Year Manufacturing Warranty
141,"Nothing Phone (2a) 5G (Black, 256 GB)","₹12,360",4.4,8 GB RAM | 256 GB ROM17.02 cm (6.7 inch) Full HD+ Display50MP (OIS) + 50MP | 32MP Front Camera5000 mAh BatteryDimensity 7200 Pro Processor1 Year Manufacturing Warranty
142,"REDMI 13c 5G (Startrail Green, 128 GB)","₹12,999",4.3,6 GB RAM | 128 GB ROM17.12 cm (6.74 inch) Display50MP Rear Camera5000 mAh Battery1 Year
143,"SAMSUNG M15 5G (Celestrial Blue, 128 GB)","₹15,999",4.3,4 GB RAM | 128 GB ROM16.51 cm (6.5 inch) Display50MP Rear Camera6000 mAh BatteryMediaTek ProcessorDomestic Warranty Of 1 Year For Handset And 6 Month For Accessories.
144,"vivo T2x 5G (Black Gladiator, 128 GB)","₹24,999",4.4,6 GB RAM | 128 GB ROM16.71 cm (6.58 inch) Full HD+ Display50MP + 2MP | 8MP Front Camera5000 mAh BatteryMediatek Dimensity 6020 Processor1 Year of Device & 6 Months for Inbox Accessories
145,"Infinix Note 40 5G (Obsidian Black, 256 GB)","₹32,999",4.2,8 GB RAM | 256 GB ROM17.22 cm (6.78 inch) Full HD+ Display108MP + 2MP + 2MP | 32MP Front Camera5000 mAh BatteryDimensity 7020 Processor1 Year on Handset
146,"REDMI Note 14 Pro 5G (Titan Black, 128 GB)","₹15,999",4.4,8 GB RAM | 128 GB ROM16.94 cm (6.67 inch) Display50MP + 8MP + 2MP | 20MP Front Camera5500 mAh BatteryDimensity 7300 Ultra Processor1 Year Manufacturer Warranty for Phone and 6 Months Warranty for In the Box Accessories
147,"REDMI Note 14 Pro+ 5G (Titan Black, 256 GB)","₹12,999",4.3,8 GB RAM | 256 GB ROM16.94 cm (6.67 inch) Display50MP + 50MP + 8MP | 20MP Front Camera6200 mAh Battery7s Gen 3 Processor1 Year Manufacturer Warranty for Phone and 6 Months Warranty for In the Box Accessories
148,"Infinix Note 40 5G (Titan Gold, 256 GB)","₹32,999",4.2,8 GB RAM | 256 GB ROM17.22 cm (6.78 inch) Full HD+ Display108MP + 2MP + 2MP | 32MP Front Camera5000 mAh BatteryDimensity 7020 Processor1 Year on Handset
149,"vivo T2x 5G (Aurora Gold, 128 GB)","₹1,08,999",4.4,6 GB RAM | 128 GB ROM16.71 cm (6.58 inch) Full HD+ Display50MP + 2MP | 8MP Front Camera5000 mAh BatteryMediatek Dimensity 6020 Processor1 Year of Device & 6 Months for Inbox Accessories
150,"REDMI Note 14 Pro+ 5G (Phantom Purple, 256 GB)","₹29,999",4.3,8 GB RAM | 256 GB ROM16.94 cm (6.67 inch) Display50MP + 50MP + 8MP | 20MP Front Camera6200 mAh Battery7s Gen 3 Processor1 Year Manufacturer Warranty for Phone and 6 Months Warranty for In the Box Accessories
151,"Apple iPhone 16 Plus (Ultramarine, 512 GB)","₹21,999",4.6,"512 GB ROM17.02 cm (6.7 inch) Super Retina XDR Display48MP + 12MP | 12MP Front CameraA18 Chip, 6 Core Processor Processor1 year warranty for phone and 1 year warranty for in Box Accessories."
152,"realme 14 Pro+ 5G (Bikaner Purple, 128 GB)","₹7,999",4.4,8 GB RAM | 128 GB ROM17.35 cm (6.83 inch) Display50MP + 50MP + 8MP | 32MP Front Camera6000 mAh Battery7s Gen 3 Mobile Platform Processor1 Year Manufacturer Warranty for Device and 6 Months Manufacturer Warranty for Inbox Accessories
153,"Nothing Phone (2a) 5G (Black, 128 GB)","₹25,999",4.4,8 GB RAM | 128 GB ROM17.02 cm (6.7 inch) Full HD+ Display50MP (OIS) + 50MP | 32MP Front Camera5000 mAh BatteryDimensity 7200 Pro Processor1 Year Manufacturing Warranty
154,"REDMI A3 (Olive Green, 128 GB)","₹33,999",4.2,4 GB RAM | 128 GB ROM | Expandable Upto 1 TB17.04 cm (6.71 inch) HD+ Display8MP Rear Camera | 5MP Front Camera5000 mAh BatteryMediatek Helio G36 Processor1 Year Manufacturer Warranty for Phone and 6 Months Warranty for In the Box Accessories
155,"Infinix GT 20 Pro (Mecha Silver, 256 GB)","₹28,999",4.3,12 GB RAM | 256 GB ROM17.22 cm (6.78 inch) Full HD+ Display108MP (OIS) + 2MP + 2MP | 32MP Front Camera5000 mAh BatteryDimensity 8200 Ultimate Processor1 Year Warranty
156,"POCO F6 5G (Titanium, 512 GB)","₹27,999",4.3,12 GB RAM | 512 GB ROM16.94 cm (6.67 inch) Display50MP (OIS) + 8MP | 20MP Front Camera5000 mAh Battery8s Gen3 Processor1 Year Manufacturer Warranty for Phone and 6 Months Warranty for In the Box Accessories
157,"Infinix Zero 40 5G (Violet Garden, 512 GB)","₹21,999",4.2,12 GB RAM | 512 GB ROM17.22 cm (6.78 inch) Full HD+ Display108MP + 50MP + 2MP | 50MP Front Camera5000 mAh Lithium-ion Polymer BatteryDimensity 8200 Ultimate Processor1 Year Warranty on Handset and 6 Months Warranty on Accessories
158,"Nothing Phone (2a) 5G (White, 256 GB)","₹13,999",4.4,12 GB RAM | 256 GB ROM17.02 cm (6.7 inch) Full HD+ Display50MP (OIS) + 50MP | 32MP Front Camera5000 mAh BatteryDimensity 7200 Pro Processor1 Year Manufacturing Warranty
159,"Nothing Phone (2a) 5G (White, 128 GB)","₹7,920",4.4,8 GB RAM | 128 GB ROM17.02 cm (6.7 inch) Full HD+ Display50MP (OIS) + 50MP | 32MP Front Camera5000 mAh BatteryDimensity 7200 Pro Processor1 Year Manufacturing Warranty
160,"POCO M7 Pro 5G (Lavender Frost, 128 GB)","₹24,749",4.3,6 GB RAM | 128 GB ROM16.94 cm (6.67 inch) Full HD+ Display50MP + 2MP | 20MP Front Camera5110 mAh BatteryDimensity 7025 Ultra Processor1 Year Manufacturer Warranty for Phone and 6 Months Warranty for In the Box Accessories
161,"POCO M6 5G - Locked with Airtel Prepaid (Galactic Black, 128 GB)","₹24,999",4.2,4 GB RAM | 128 GB ROM | Expandable Upto 1 TB17.12 cm (6.74 inch) HD+ Display50MP Rear Camera | 5MP Front Camera5000 mAh BatteryMediatek Dimensity 6100+ Processor1 Year Manufacturer Warranty for Phone and 6 Months Warranty for In the Box Accessories
162,"REDMI Note 13 Pro+ 5G (Fusion White, 256 GB)","₹15,499",4.2,12 GB RAM | 256 GB ROM16.94 cm (6.67 inch) Display200MP (OIS) + 8MP + 2MP | 16MP Front Camera5000 mAh BatteryDimensity 7200 Ultra 5G Processor1 Year Manufacturer Warranty for Phone and 6 Months Warranty for In the Box Accessories
163,"realme 13+ 5G (Speed Green, 256 GB)","₹26,999",4.4,8 GB RAM | 256 GB ROM | Expandable Upto 2 TB16.94 cm (6.67 inch) Full HD+ Display50MP + 2MP | 16MP Front Camera5000 mAh BatteryDimensity 7300 Energy Processor1 Year Manufacturer Warranty for Device and 6 Months Manufacturer Warranty for Inbox Accessories
164,"vivo T2x 5G (Glimmer Black, 128 GB)","₹18,999",4.4,8 GB RAM | 128 GB ROM16.71 cm (6.58 inch) Full HD+ Display50MP + 2MP | 8MP Front Camera5000 mAh BatteryMediatek Dimensity 6020 Processor1 Year of Device & 6 Months for Inbox Accessories
165,"OPPO Reno 12 Pro 5G (Sunset Gold, 256 GB)","₹21,999",4.4,12 GB RAM | 256 GB ROM | Expandable Upto 1 TB17.02 cm (6.7 inch) Full HD+ Display50MP + 8MP + 50MP | 50MP Front Camera5000 mAh BatteryDimensity 7300 Energy Processor1 Year Manufacturer Warranty for Device and 6 Months Manufacturer Warranty for Inbox Accessories
166,"POCO X7 5G (Yellow, 128 GB)","₹25,999",4.3,8 GB RAM | 128 GB ROM16.94 cm (6.67 inch) Display50MP + 8MP + 2MP | 20MP Front Camera5500 mAh BatteryDimensity 7300 Ultra Processor1 Year Manufacturer Warranty for Phone and 6 Months Warranty for In the Box Accessories
167,"SAMSUNG Galaxy A23 5G (Silver, 128 GB)","₹23,999",4.1,6 GB RAM | 128 GB ROM | Expandable Upto 1 TB16.76 cm (6.6 inch) Full HD+ Display50MP + 5MP | 8MP Front Camera5000 mAh Lithium Ion BatteryQualcomm Snapdragon 695 (SM6375) Processor1 Year Manufacturer Warranty for Device and 6 Months Manufacturer Warranty for In-Box Accessories
168,"Nothing Phone (2a) 5G (Black, 256 GB)","₹24,999",4.4,12 GB RAM | 256 GB ROM17.02 cm (6.7 inch) Full HD+ Display50MP (OIS) + 50MP | 32MP Front Camera5000 mAh BatteryDimensity 7200 Pro Processor1 Year Manufacturing Warranty
169,"Nothing Phone (2a) 5G (Blue, 256 GB)","₹32,999",4.4,8 GB RAM | 256 GB ROM17.02 cm (6.7 inch) Full HD+ Display50MP (OIS) + 50MP | 32MP Front Camera5000 mAh BatteryDimensity 7200 Pro Processor1 Year Manufacturing Warranty
170,"REDMI Note 14 Pro 5G (Titan Black, 128 GB)","₹25,999",4.4,8 GB RAM | 128 GB ROM16.94 cm (6.67 inch) Display50MP + 8MP + 2MP | 20MP Front Camera5500 mAh BatteryDimensity 7300 Ultra Processor1 Year Manufacturer Warranty for Phone and 6 Months Warranty for In the Box Accessories
171,"REDMI Note 14 Pro+ 5G (Titan Black, 256 GB)","₹31,999",4.3,8 GB RAM | 256 GB ROM16.94 cm (6.67 inch) Display50MP + 50MP + 8MP | 20MP Front Camera6200 mAh Battery7s Gen 3 Processor1 Year Manufacturer Warranty for Phone and 6 Months Warranty for In the Box Accessories
172,"Nothing Phone (2a) 5G (Special Edition, 256 GB)","₹12,499",4.4,8 GB RAM | 256 GB ROM17.02 cm (6.7 inch) Full HD+ Display50MP (OIS) + 50MP | 32MP Front Camera5000 mAh BatteryDimensity 7200 Pro Processor1 Year Manufacturing Warranty
173,"Google Pixel 7 (Lemongrass, 128 GB)","₹27,999",4.3,8 GB RAM | 128 GB ROM16.0 cm (6.3 inch) Full HD+ Display50MP + 12MP | 10.8MP Front Camera4270 mAh BatteryGoogle Tensor G2 Processor1 Year warranty
174,"SAMSUNG Galaxy F15 5G (Jazzy Green, 128 GB)","₹32,999",4.1,4 GB RAM | 128 GB ROM | Expandable Upto 1 TB16.51 cm (6.5 inch) Full HD+ Display50MP + 5MP + 2MP | 13MP Front Camera6000 mAh Lithium ion BatteryMediaTek Dimensity 6100+ Processor1 Year Manufacturer Warranty for Device and 6 Months Manufacturer Warranty for In-Box Accessories
175,"Motorola Edge 50 Pro 5G with 68W Charger (Black Beauty, 256 GB)","₹25,999",4.4,8 GB RAM | 256 GB ROM17.02 cm (6.7 inch) Display50MP + 13MP + 10MP | 50MP Front Camera4500 mAh Battery7 Gen 3 Mobile Platform Processor1 Year on Handset and 6 Months on Accessories
176,"REDMI Note 14 Pro+ 5G (Phantom Purple, 256 GB)","₹28,999",4.3,8 GB RAM | 256 GB ROM16.94 cm (6.67 inch) Display50MP + 50MP + 8MP | 20MP Front Camera6200 mAh Battery7s Gen 3 Processor1 Year Manufacturer Warranty for Phone and 6 Months Warranty for In the Box Accessories
177,"Infinix Zero 40 5G (Moving Titanium, 256 GB)","₹13,499",4.2,12 GB RAM | 256 GB ROM17.22 cm (6.78 inch) Full HD+ Display108MP + 50MP + 2MP | 50MP Front Camera5000 mAh Lithium-ion Polymer BatteryDimensity 8200 Ultimate Processor1 Year Warranty on Handset and 6 Months Warranty on Accessories
178,"SAMSUNG Galaxy A35 5G (Awesome Navy, 256 GB)","₹79,999",4.3,8 GB RAM | 256 GB ROM | Expandable Upto 1 TB16.76 cm (6.6 inch) Full HD+ Display50MP + 8MP + 5MP | 13MP Front Camera5000 mAh BatterySamsung Exynos 1380 Processor1 Year Manufacturer Warranty for Device and 6 Months for In-Box Accessories
179,"SAMSUNG Galaxy F15 5G (Ash Black, 128 GB)","₹9,499",4.2,6 GB RAM | 128 GB ROM | Expandable Upto 1 TB16.51 cm (6.5 inch) Full HD+ Display50MP + 5MP + 2MP | 13MP Front Camera6000 mAh Lithium ion BatteryMediaTek Dimensity 6100+ Processor1 Year Manufacturer Warranty for Device and 6 Months Manufacturer Warranty for In-Box Accessories
180,"Apple iPhone 16 (Pink, 256 GB)","₹25,999",4.6,"256 GB ROM15.49 cm (6.1 inch) Super Retina XDR Display48MP + 12MP | 12MP Front CameraA18 Chip, 6 Core Processor Processor1 year warranty for phone and 1 year warranty for in Box Accessories."
181,"POCO C65 (Pastel Blue, 128 GB)","₹22,999",4.3,6 GB RAM | 128 GB ROM | Expandable Upto 1 TB17.12 cm (6.74 inch) HD+ Display50MP + AI Lens + 2MP | 8MP Front Camera5000 mAh BatteryHelio G85 Processor1 Year Manufacturer Warranty for Phone and 6 Months Warranty for in the Box Accessories
182,"POCO X7 Pro 5G (Yellow, 256 GB)","₹30,999",4.3,8 GB RAM | 256 GB ROM16.94 cm (6.67 inch) Display50MP + 8MP | 20MP Front Camera6550 mAh BatteryDimensity D8400 Ultra Processor1 Year Manufacturer Warranty for Phone and 6 Months Warranty for In the Box Accessories
183,"POCO F6 5G (Titanium, 256 GB)","₹69,999",4.3,8 GB RAM | 256 GB ROM16.94 cm (6.67 inch) Display50MP (OIS) + 8MP | 20MP Front Camera5000 mAh Battery8s Gen3 Processor1 Year Manufacturer Warranty for Phone and 6 Months Warranty for In the Box Accessories
184,"OPPO Reno 12 Pro 5G (Space Brown, 512 GB)","₹78,999",4.4,12 GB RAM | 512 GB ROM | Expandable Upto 1 TB17.02 cm (6.7 inch) Full HD+ Display50MP + 8MP + 50MP | 50MP Front Camera5000 mAh BatteryDimensity 7300 Energy Processor1 Year Manufacturer Warranty for Device and 6 Months Manufacturer Warranty for Inbox Accessories
185,"Apple iPhone 16 (Pink, 128 GB)","₹18,999",4.6,"128 GB ROM15.49 cm (6.1 inch) Super Retina XDR Display48MP + 12MP | 12MP Front CameraA18 Chip, 6 Core Processor Processor1 year warranty for phone and 1 year warranty for in Box Accessories."
186,"Apple iPhone 16 Plus (White, 128 GB)","₹26,999",4.6,"128 GB ROM17.02 cm (6.7 inch) Super Retina XDR Display48MP + 12MP | 12MP Front CameraA18 Chip, 6 Core Processor Processor1 year warranty for phone and 1 year warranty for in Box Accessories."
187,"POCO X7 5G (Cosmic Silver, 128 GB)","₹13,999",4.3,8 GB RAM | 128 GB ROM16.94 cm (6.67 inch) Display50MP + 8MP + 2MP | 20MP Front Camera5500 mAh BatteryDimensity 7300 Ultra Processor1 Year Manufacturer Warranty for Phone and 6 Months Warranty for In the Box Accessories
188,"realme 13 Pro 5G (Emerald Green, 512 GB)","₹25,999",4.3,12 GB RAM | 512 GB ROM17.02 cm (6.7 inch) Full HD+ Display50MP + 8MP + 2MP | 32MP Front Camera5200 mAh BatterySnapdragon 7s Gen2 Processor1 Year Manufacturer Warranty for Device and 6 Months Manufacturer Warranty for Inbox Accessories
189,"POCO M7 Pro 5G (Olive Twilight, 128 GB)","₹10,999",4.3,6 GB RAM | 128 GB ROM16.94 cm (6.67 inch) Full HD+ Display50MP + 2MP | 20MP Front Camera5110 mAh BatteryDimensity 7025 Ultra Processor1 Year Manufacturer Warranty for Phone and 6 Months Warranty for In the Box Accessories
190,"POCO X7 Pro 5G (Obsidian Black, 256 GB)","₹8,999",4.3,8 GB RAM | 256 GB ROM16.94 cm (6.67 inch) Display50MP + 8MP | 20MP Front Camera6550 mAh BatteryDimensity D8400 Ultra Processor1 Year Manufacturer Warranty for Phone and 6 Months Warranty for In the Box Accessories
191,"POCO C65 (Pastel Green, 256 GB)","₹78,999",4.2,8 GB RAM | 256 GB ROM | Expandable Upto 1 TB17.12 cm (6.74 inch) HD+ Display50MP + AI Lens + 2MP | 8MP Front Camera5000 mAh BatteryHelio G85 Processor1 Year Manufacturer Warranty for Phone and 6 Months Warranty for in the Box Accessories
192,"realme C63 (Leather Blue, 128 GB)","₹78,999",4.3,4 GB RAM | 128 GB ROM | Expandable Upto 2 TB17.13 cm (6.745 inch) HD+ Display50MP Rear Camera | 8MP Front Camera5000 mAh BatteryT612 Processor1 Year Manufacturer Warranty for Device and 6 Months Manufacturer Warranty for Inbox Accessories
193,"Apple iPhone 15 Plus (Black, 256 GB)","₹14,170",4.6,"256 GB ROM17.02 cm (6.7 inch) Super Retina XDR Display48MP + 12MP | 12MP Front CameraA16 Bionic Chip, 6 Core Processor Processor1 year warranty for phone and 1 year warranty for in Box Accessories."
194,"Apple iPhone 16 Plus (Pink, 128 GB)","₹24,999",4.6,"128 GB ROM17.02 cm (6.7 inch) Super Retina XDR Display48MP + 12MP | 12MP Front CameraA18 Chip, 6 Core Processor Processor1 year warranty for phone and 1 year warranty for in Box Accessories."
195,"SAMSUNG galaxy M15 5G (Celestrial Blue, 128 GB)","₹32,999",4.1,8 GB RAM | 128 GB ROM16.51 cm (6.5 inch) Display50MP Rear Camera6000 mAh BatteryMediaTek ProcessorDomestic Warranty Of 1 Year For Handset And 6 Month For Accessories.
196,"REDMI Note 14 Pro 5G (Titan Black, 128 GB)","₹39,999",4.4,8 GB RAM | 128 GB ROM16.94 cm (6.67 inch) Display50MP + 8MP + 2MP | 20MP Front Camera5500 mAh BatteryDimensity 7300 Ultra Processor1 Year Manufacturer Warranty for Phone and 6 Months Warranty for In the Box Accessories
197,"REDMI Note 14 Pro+ 5G (Titan Black, 256 GB)","₹9,499",4.3,8 GB RAM | 256 GB ROM16.94 cm (6.67 inch) Display50MP + 50MP + 8MP | 20MP Front Camera6200 mAh Battery7s Gen 3 Processor1 Year Manufacturer Warranty for Phone and 6 Months Warranty for In the Box Accessories
198,"Xiaomi 14 CIVI (Shadow Black, 256 GB)","₹32,999",4.3,8 GB RAM | 256 GB ROM16.64 cm (6.55 inch) Display50MP Rear Camera | 32MP + 32MP Dual Front Camera4700 mAh Battery8s Gen 3 Mobile Platform Processor1 Year Manufacturer Warranty for Phone and 6 Months Warranty for In the Box Accessories
199,"REDMI 12 (Pastel Blue, 128 GB)","₹74,999",4.3,4 GB RAM | 128 GB ROM | Expandable Upto 1 TB17.25 cm (6.79 inch) Full HD+ Display50MP + 8MP + 2MP | 8MP Front Camera5000 mAh BatteryHelio G88 Processor1 Year Manufacturer Warranty for Phone and 6 Months Warranty for in the Box Accessories
200,"REDMI Note 14 Pro+ 5G (Phantom Purple, 256 GB)","₹34,999",4.3,8 GB RAM | 256 GB ROM16.94 cm (6.67 inch) Display50MP + 50MP + 8MP | 20MP Front Camera6200 mAh Battery7s Gen 3 Processor1 Year Manufacturer Warranty for Phone and 6 Months Warranty for In the Box Accessories
201,"Apple iPhone 15 (Black, 256 GB)","₹18,551",4.6,"256 GB ROM15.49 cm (6.1 inch) Super Retina XDR Display48MP + 12MP | 12MP Front CameraA16 Bionic Chip, 6 Core Processor Processor1 year warranty for phone and 1 year warranty for in Box Accessories."
202,"realme 14 Pro+ 5G (Suede Grey, 256 GB)","₹19,999",4.4,12 GB RAM | 256 GB ROM17.35 cm (6.83 inch) Display50MP + 50MP + 8MP | 32MP Front Camera6000 mAh Battery7s Gen 3 Mobile Platform Processor1 Year Manufacturer Warranty for Device and 6 Months Manufacturer Warranty for Inbox Accessories
203,"REDMI Note 13 Pro 5G (Arctic White, 256 GB)","₹43,999",4.3,8 GB RAM | 256 GB ROM16.94 cm (6.67 inch) Display200MP (OIS) + 8MP + 2MP | 16MP Front Camera5100 mAh Battery7s Gen 2 Mobile Platform 5G Processor1 Year Manufacturer Warranty for Phone and 6 Months Warranty for In the Box Accessories
204,"SAMSUNG Galaxy F55 5G (Apricot Crush, 256 GB)","₹64,999",4,8 GB RAM | 256 GB ROM | Expandable Upto 1 TB17.02 cm (6.7 inch) Full HD+ Display50MP + 8MP + 2MP | 50MP Front Camera5000 mAh Battery7 Gen 1 Processor1 Year Manufacturer Warranty for Device and 6 Months for In-Box Accessories
205,"Xiaomi 14 CIVI (Shadow Black, 512 GB)","₹78,999",4.3,12 GB RAM | 512 GB ROM16.64 cm (6.55 inch) Display50MP Rear Camera | 32MP + 32MP Dual Front Camera4700 mAh Battery8s Gen 3 Mobile Platform Processor1 Year Manufacturer Warranty for Phone and 6 Months Warranty for In the Box Accessories
206,"Apple iPhone 15 (Black, 128 GB)","₹31,999",4.6,"128 GB ROM15.49 cm (6.1 inch) Super Retina XDR Display48MP + 12MP | 12MP Front CameraA16 Bionic Chip, 6 Core Processor Processor1 year warranty for phone and 1 year warranty for in Box Accessories."
207,"Apple iPhone 15 Plus (Pink, 256 GB)","₹1,369",4.6,"256 GB ROM17.02 cm (6.7 inch) Super Retina XDR Display48MP + 12MP | 12MP Front CameraA16 Bionic Chip, 6 Core Processor Processor1 year warranty for phone and 1 year warranty for in Box Accessories."
208,"Google Pixel 7 (Snow, 128 GB)","₹9,999",4.3,8 GB RAM | 128 GB ROM16.0 cm (6.3 inch) Full HD+ Display50MP + 12MP | 10.8MP Front Camera4270 mAh BatteryGoogle Tensor G2 ProcessorNA
209,SAMSUNG SM-B310EZDDINS,"₹26,084",3.2,100 MB RAM | 100 MB ROM | Expandable Upto 100 MB4.57 cm (1.8 inch) VGA Display0MP | 0MP Front Camera800 mAh BatteryNA ProcessorNo Warranty
210,"REDMI 12 (Pastel Blue, 128 GB)","₹64,999",4.2,6 GB RAM | 128 GB ROM | Expandable Upto 1 TB17.25 cm (6.79 inch) Full HD+ Display50MP + 8MP + 2MP | 8MP Front Camera5000 mAh BatteryHelio G88 Processor1 Year Manufacturer Warranty for Phone and 6 Months Warranty for in the Box Accessories
211,"REDMI Note 13 Pro+ 5G (Fusion Purple, 512 GB)","₹11,499",4.2,12 GB RAM | 512 GB ROM16.94 cm (6.67 inch) Display200MP (OIS) + 8MP + 2MP | 16MP Front Camera5000 mAh BatteryDimensity 7200 Ultra 5G Processor1 Year Manufacturer Warranty for Phone and 6 Months Warranty for In the Box Accessories
212,"Apple iPhone 15 (Pink, 128 GB)","₹8,790",4.6,"128 GB ROM15.49 cm (6.1 inch) Super Retina XDR Display48MP + 12MP | 12MP Front CameraA16 Bionic Chip, 6 Core Processor Processor1 year warranty for phone and 1 year warranty for in Box Accessories."
213,"POCO M4 5G (Cool Blue, 128 GB)",₹997,4.2,6 GB RAM | 128 GB ROM | Expandable Upto 512 GB16.71 cm (6.58 inch) Full HD+ Display50MP + 2MP | 8MP Front Camera5000 mAh Lithium Ion Polymer BatteryMediatek Dimensity 700 Processor1 Year Warranty for Handset and 6 Months for Accessories
214,"REDMI A3 (Lake Blue, 128 GB)","₹24,999",4.2,4 GB RAM | 128 GB ROM | Expandable Upto 1 TB17.04 cm (6.71 inch) HD+ Display8MP Rear Camera | 5MP Front Camera5000 mAh BatteryMediatek Helio G36 Processor1 Year Manufacturer Warranty for Phone and 6 Months Warranty for In the Box Accessories
215,SAMSUNG 1200,"₹32,999",3.2,32 MB RAM | 32 MB ROM3.81 cm (1.5 inch) Display800 mAh BatteryNO WARRANTY
216,"REDMI Note 14 Pro 5G (Titan Black, 128 GB)","₹1,199",4.4,8 GB RAM | 128 GB ROM16.94 cm (6.67 inch) Display50MP + 8MP + 2MP | 20MP Front Camera5500 mAh BatteryDimensity 7300 Ultra Processor1 Year Manufacturer Warranty for Phone and 6 Months Warranty for In the Box Accessories
217,"REDMI Note 14 Pro+ 5G (Titan Black, 256 GB)","₹12,499",4.3,8 GB RAM | 256 GB ROM16.94 cm (6.67 inch) Display50MP + 50MP + 8MP | 20MP Front Camera6200 mAh Battery7s Gen 3 Processor1 Year Manufacturer Warranty for Phone and 6 Months Warranty for In the Box Accessories
218,SAMSUNG Guru1200,"₹32,999",3.2,10 MB RAM | 10 MB ROM4.57 cm (1.8 inch) Display800 mAh Battery1 year seller domestic warranty
219,"REDMI 12 5G (Jade Black, 128 GB)","₹80,999",4.3,6 GB RAM | 128 GB ROM | Expandable Upto 1 TB17.25 cm (6.79 inch) Full HD+ Display50MP + 2MP | 8MP Front Camera5000 mAh BatterySnapdragon 4 Gen 2 Processor1 Year Manufacturer Warranty for Phone and 6 Months Warranty for In the Box Accessories
220,"REDMI Note 14 Pro+ 5G (Phantom Purple, 256 GB)","₹15,999",4.3,8 GB RAM | 256 GB ROM16.94 cm (6.67 inch) Display50MP + 50MP + 8MP | 20MP Front Camera6200 mAh Battery7s Gen 3 Processor1 Year Manufacturer Warranty for Phone and 6 Months Warranty for In the Box Accessories
221,"SAMSUNG Galaxy S25 5G (Icyblue, 256 GB)",₹997,4.6,12 GB RAM | 256 GB ROM15.75 cm (6.2 inch) Full HD+ Display50MP + 10MP + 12MP | 12MP Front Camera4000 mAh Battery8 Elite for Galaxy Processor1 Year Manufacturer Warranty for Device and 6 Months for In-Box Accessories
222,"SAMSUNG Galaxy A15 5G (Blue Black, 128 GB)","₹23,999",4.3,6 GB RAM | 128 GB ROM | Expandable Upto 1 TB16.51 cm (6.5 inch) Full HD+ Display50MP + 5MP + 2MP | 13MP Front Camera5000 mAh BatteryDimensity 6100+ Processor1 Year Manufacturer Warranty for Device and 6 Months for In-Box Accessories
223,SAMSUNG Guru 1200,"₹1,35,900",3.4,4 MB RAM | 10 MB ROM3.86 cm (1.52 inch) Display800 mAh BatteryNA
224,"SAMSUNG Galaxy F55 5G (Apricot Crush, 256 GB)","₹1,42,900",4,12 GB RAM | 256 GB ROM | Expandable Upto 1 TB17.02 cm (6.7 inch) Full HD+ Display50MP + 8MP + 2MP | 50MP Front Camera5000 mAh Battery7 Gen 1 Processor1 Year Manufacturer Warranty for Device and 6 Months for In-Box Accessories
225,"Apple iPhone 16 Pro Max (Desert Titanium, 256 GB)","₹29,999",4.6,"256 GB ROM17.53 cm (6.9 inch) Super Retina XDR Display48MP + 48MP + 12MP | 12MP Front CameraA18 Pro Chip, 6 Core Processor Processor1 year warranty for phone and 1 year warranty for in Box Accessories."
226,"Apple iPhone 16 Pro (Desert Titanium, 512 GB)","₹69,900",4.7,"512 GB ROM16.0 cm (6.3 inch) Super Retina XDR Display48MP + 48MP + 12MP | 12MP Front CameraA18 Pro Chip, 6 Core Processor Processor1 year warranty for phone and 1 year warranty for in Box Accessories."
227,"realme 14 Pro+ 5G (Suede Grey, 128 GB)","₹21,163",4.4,8 GB RAM | 128 GB ROM17.35 cm (6.83 inch) Display50MP + 50MP + 8MP | 32MP Front Camera6000 mAh Battery7s Gen 3 Mobile Platform Processor1 Year Manufacturer Warranty for Device and 6 Months Manufacturer Warranty for Inbox Accessories
228,"Apple iPhone 14 Plus (Midnight, 128 GB)","₹13,999",4.6,"128 GB ROM17.02 cm (6.7 inch) Super Retina XDR Display12MP + 12MP | 12MP Front CameraA15 Bionic Chip, 6 Core Processor Processor1 year warranty for phone and 1 year warranty for in Box Accessories."
229,"REDMI Note 13 Pro+ 5G (Fusion White, 256 GB)","₹33,999",4.3,8 GB RAM | 256 GB ROM16.94 cm (6.67 inch) Display200MP (OIS) + 8MP + 2MP | 16MP Front Camera5000 mAh BatteryDimensity 7200 Ultra 5G Processor1 Year Manufacturer Warranty for Phone and 6 Months Warranty for In the Box Accessories
230,"POCO M7 Pro 5G (Lunar Dust, 128 GB)","₹1,62,900",4.3,6 GB RAM | 128 GB ROM16.94 cm (6.67 inch) Full HD+ Display50MP + 2MP | 20MP Front Camera5110 mAh BatteryDimensity 7025 Ultra Processor1 Year Manufacturer Warranty for Phone and 6 Months Warranty for In the Box Accessories
231,"POCO F6 5G (Black, 512 GB)","₹13,499",4.3,12 GB RAM | 512 GB ROM16.94 cm (6.67 inch) Display50MP (OIS) + 8MP | 20MP Front Camera5000 mAh Battery8s Gen3 Processor1 Year Manufacturer Warranty for Phone and 6 Months Warranty for In the Box Accessories
232,"Apple iPhone 16 Pro (Desert Titanium, 1 TB)","₹26,084",4.7,"1 TB ROM16.0 cm (6.3 inch) Super Retina XDR Display48MP + 48MP + 12MP | 12MP Front CameraA18 Pro Chip, 6 Core Processor Processor1 year warranty for phone and 1 year warranty for in Box Accessories."
233,"realme 12x 5G (Twilight Purple, 128 GB)","₹1,22,900",4.4,8 GB RAM | 128 GB ROM | Expandable Upto 2 TB17.07 cm (6.72 inch) Full HD+ Display50MP + 2MP | 8MP Front Camera5000 mAh BatteryDimensity 6100+ Processor1 Year Manufacturer Warranty for Device and 6 Months Manufacturer Warranty for Inbox Accessories
234,"REDMI Note 13 Pro+ 5G (Fusion White, 512 GB)","₹1,12,900",4.2,12 GB RAM | 512 GB ROM16.94 cm (6.67 inch) Display200MP (OIS) + 8MP + 2MP | 16MP Front Camera5000 mAh BatteryDimensity 7200 Ultra 5G Processor1 Year Manufacturer Warranty for Phone and 6 Months Warranty for In the Box Accessories
235,"Apple iPhone 16 Pro (Desert Titanium, 256 GB)","₹10,990",4.7,"256 GB ROM16.0 cm (6.3 inch) Super Retina XDR Display48MP + 48MP + 12MP | 12MP Front CameraA18 Pro Chip, 6 Core Processor Processor1 year warranty for phone and 1 year warranty for in Box Accessories."
236,"Apple iPhone 16 Pro (Desert Titanium, 128 GB)","₹1,196",4.7,"128 GB ROM16.0 cm (6.3 inch) Super Retina XDR Display48MP + 48MP + 12MP | 12MP Front CameraA18 Pro Chip, 6 Core Processor Processor1 year warranty for phone and 1 year warranty for in Box Accessories."
237,"SAMSUNG Galaxy A05s (Light Green, 128 GB)","₹32,999",4.2,6 GB RAM | 128 GB ROM | Expandable Upto 1 TB17.07 cm (6.72 inch) Full HD+ Display50MP + 2MP + 2MP | 13MP Front Camera5000 mAh Battery680 Processor1 Year Manufacturer Warranty for Device and 6 Months Manufacturer Warranty for Inbox Accessories
238,SAMSUNG Metro 313,"₹32,999",3.3,4 MB RAM | 32 MB ROM5.16 cm (2.03 inch) Display0.3MP Rear Camera1000 mAh Battery1 Year Warranty
239,"REDMI A2+ (Aqua Blue, 128 GB)","₹84,999",4.1,"4 GB RAM | 128 GB ROM | Expandable Upto 1 TB16.56 cm (6.52 inch) HD+ Display8MP + 8MP | 5MP + 5MP Dual Front Camera5000 mAh BatteryOCTA CORE Processor1 Year and 6 months for Battery,Accessories"
240,"REDMI Note 14 Pro+ 5G (Titan Black, 256 GB)","₹22,107",4.3,8 GB RAM | 256 GB ROM16.94 cm (6.67 inch) Display50MP + 50MP + 8MP | 20MP Front Camera6200 mAh Battery7s Gen 3 Processor1 Year Manufacturer Warranty for Phone and 6 Months Warranty for In the Box Accessories
241,"REDMI Note 14 Pro+ 5G (Phantom Purple, 256 GB)","₹1,369",4.3,8 GB RAM | 256 GB ROM16.94 cm (6.67 inch) Display50MP + 50MP + 8MP | 20MP Front Camera6200 mAh Battery7s Gen 3 Processor1 Year Manufacturer Warranty for Phone and 6 Months Warranty for In the Box Accessories
242,"Apple iPhone 14 (Starlight, 512 GB)","₹15,999",4.6,"512 GB ROM15.49 cm (6.1 inch) Super Retina XDR Display12MP + 12MP | 12MP Front CameraA15 Bionic Chip, 6 Core Processor Processor1 year warranty for phone and 1 year warranty for in Box Accessories."
243,"REDMI Note 13 Pro 5G (Midnight Black, 256 GB)",₹997,4.3,12 GB RAM | 256 GB ROM16.94 cm (6.67 inch) Display200MP (OIS) + 8MP + 2MP | 16MP Front Camera5100 mAh Battery7s Gen 2 Mobile Platform 5G Processor1 Year Manufacturer Warranty for Phone and 6 Months Warranty for In the Box Accessories
244,SAMSUNG Guru Music 2 B310ED,"₹23,999",3.1,32 MB RAM | 32 MB ROM | Expandable Upto 100 MB4.57 cm (1.8 inch) VGA Display0MP | 0MP Front Camera800 mAh BatteryNA Processor1 Year Warranty
245,"SAMSUNG Galaxy A15 5G (Blue Black, 128 GB)","₹1,799",4.3,6 GB RAM | 128 GB ROM | Expandable Upto 1 TB16.51 cm (6.5 inch) Full HD+ Display50MP + 5MP + 2MP | 13MP Front Camera5000 mAh BatteryDimensity 6100+ Processor1 Year Manufacturer Warranty for Device and 6 Months for In-Box Accessories
246,SAMSUNG Guru 1200,"₹1,12,900",3.4,4 MB RAM | 10 MB ROM3.86 cm (1.52 inch) Display800 mAh BatteryNA
247,"SAMSUNG Galaxy F55 5G (Apricot Crush, 256 GB)","₹29,999",4,12 GB RAM | 256 GB ROM | Expandable Upto 1 TB17.02 cm (6.7 inch) Full HD+ Display50MP + 8MP + 2MP | 50MP Front Camera5000 mAh Battery7 Gen 1 Processor1 Year Manufacturer Warranty for Device and 6 Months for In-Box Accessories
248,SAMSUNG Metro B313E Dual Sim - White,"₹69,900",3.1,10 MB RAM | 1 MB ROM5.08 cm (2 inch) QVGA Display0.3MP Rear Camera1000 mAh BatteryNO WARRANTY
249,"Apple iPhone 16 Pro (Desert Titanium, 128 GB)","₹21,163",4.7,"128 GB ROM16.0 cm (6.3 inch) Super Retina XDR Display48MP + 48MP + 12MP | 12MP Front CameraA18 Pro Chip, 6 Core Processor Processor1 year warranty for phone and 1 year warranty for in Box Accessories."
250,"realme 14 Pro+ 5G (Suede Grey, 128 GB)","₹13,999",4.4,8 GB RAM | 128 GB ROM17.35 cm (6.83 inch) Display50MP + 50MP + 8MP | 32MP Front Camera6000 mAh Battery7s Gen 3 Mobile Platform Processor1 Year Manufacturer Warranty for Device and 6 Months Manufacturer Warranty for Inbox Accessories
251,"Apple iPhone 14 Plus (Midnight, 128 GB)","₹33,999",4.6,"128 GB ROM17.02 cm (6.7 inch) Super Retina XDR Display12MP + 12MP | 12MP Front CameraA15 Bionic Chip, 6 Core Processor Processor1 year warranty for phone and 1 year warranty for in Box Accessories."
252,"REDMI Note 13 Pro+ 5G (Fusion White, 256 GB)","₹13,499",4.3,8 GB RAM | 256 GB ROM16.94 cm (6.67 inch) Display200MP (OIS) + 8MP + 2MP | 16MP Front Camera5000 mAh BatteryDimensity 7200 Ultra 5G Processor1 Year Manufacturer Warranty for Phone and 6 Months Warranty for In the Box Accessories
253,"POCO M7 Pro 5G (Lunar Dust, 128 GB)","₹26,084",4.3,6 GB RAM | 128 GB ROM16.94 cm (6.67 inch) Full HD+ Display50MP + 2MP | 20MP Front Camera5110 mAh BatteryDimensity 7025 Ultra Processor1 Year Manufacturer Warranty for Phone and 6 Months Warranty for In the Box Accessories
254,"POCO F6 5G (Black, 512 GB)","₹1,259",4.3,12 GB RAM | 512 GB ROM16.94 cm (6.67 inch) Display50MP (OIS) + 8MP | 20MP Front Camera5000 mAh Battery8s Gen3 Processor1 Year Manufacturer Warranty for Phone and 6 Months Warranty for In the Box Accessories
255,"realme 12x 5G (Twilight Purple, 128 GB)","₹25,999",4.4,8 GB RAM | 128 GB ROM | Expandable Upto 2 TB17.07 cm (6.72 inch) Full HD+ Display50MP + 2MP | 8MP Front Camera5000 mAh BatteryDimensity 6100+ Processor1 Year Manufacturer Warranty for Device and 6 Months Manufacturer Warranty for Inbox Accessories
256,"REDMI Note 13 Pro+ 5G (Fusion White, 512 GB)","₹84,999",4.2,12 GB RAM | 512 GB ROM16.94 cm (6.67 inch) Display200MP (OIS) + 8MP + 2MP | 16MP Front Camera5000 mAh BatteryDimensity 7200 Ultra 5G Processor1 Year Manufacturer Warranty for Phone and 6 Months Warranty for In the Box Accessories
257,MOTOROLA a 10e,"₹10,990",4,0 MB ROM | Expandable Upto 32 GB4.57 cm (1.8 inch) Quarter QVGA Display800 mAh Battery12 months
258,"POCO X7 Pro 5G (Yellow, 256 GB)","₹24,999",4.3,8 GB RAM | 256 GB ROM16.94 cm (6.67 inch) Display50MP + 8MP | 20MP Front Camera6550 mAh BatteryDimensity D8400 Ultra Processor1 Year Manufacturer Warranty for Phone and 6 Months Warranty for In the Box Accessories
259,"Apple iPhone 15 (Blue, 512 GB)","₹1,197",4.6,"512 GB ROM15.49 cm (6.1 inch) Super Retina XDR Display48MP + 12MP | 12MP Front CameraA16 Bionic Chip, 6 Core Processor Processor1 year warranty for phone and 1 year warranty for in Box Accessories."
260,"SAMSUNG Galaxy A05s (Light Green, 128 GB)","₹68,999",4.2,6 GB RAM | 128 GB ROM | Expandable Upto 1 TB17.07 cm (6.72 inch) Full HD+ Display50MP + 2MP + 2MP | 13MP Front Camera5000 mAh Battery680 Processor1 Year Manufacturer Warranty for Device and 6 Months Manufacturer Warranty for Inbox Accessories
261,"POCO F6 5G (Black, 256 GB)","₹22,999",4.3,12 GB RAM | 256 GB ROM16.94 cm (6.67 inch) Display50MP (OIS) + 8MP | 20MP Front Camera5000 mAh Battery8s Gen3 Processor1 Year Manufacturer Warranty for Phone and 6 Months Warranty for In the Box Accessories
262,SAMSUNG Metro 313,"₹74,999",3.7,512 MB RAM | 2.27 MB ROM5.08 cm (2 inch) VGA Display0.3MP Rear Camera1000 mAh Battery1 Year Manufacturer Warranty
263,"Apple iPhone 15 Plus (Blue, 128 GB)","₹78,999",4.6,"128 GB ROM17.02 cm (6.7 inch) Super Retina XDR Display48MP + 12MP | 12MP Front CameraA16 Bionic Chip, 6 Core Processor Processor1 year warranty for phone and 1 year warranty for in Box Accessories."
264,"realme 12 Pro+ 5G (Navigator Beige, 256 GB)","₹69,900",4.4,8 GB RAM | 256 GB ROM17.02 cm (6.7 inch) Full HD+ Display50MP + 8MP + 64MP | 32MP Front Camera5000 mAh BatterySnapdragon 7s Gen 2 Processor1 Year Manufacturer Warranty for Device and 6 Months Manufacturer Warranty for Inbox Accessories
265,"Apple iPhone 15 (Pink, 256 GB)","₹68,999",4.6,"256 GB ROM15.49 cm (6.1 inch) Super Retina XDR Display48MP + 12MP | 12MP Front CameraA16 Bionic Chip, 6 Core Processor Processor1 year warranty for phone and 1 year warranty for in Box Accessories."
266,"Apple iPhone 15 Plus (Pink, 256 GB)","₹1,42,900",4.6,"256 GB ROM17.02 cm (6.7 inch) Super Retina XDR Display48MP + 12MP | 12MP Front CameraA16 Bionic Chip, 6 Core Processor Processor1 year warranty for phone and 1 year warranty for in Box Accessories."
267,"Apple iPhone 16e (Black, 256 GB)","₹1,62,900",4.6,"256 GB ROM15.49 cm (6.1 inch) Super Retina XDR Display48MP Rear Camera | 12MP Front CameraA18 Chip, 6 Core Processor1 year warranty for phone and 1 year warranty for in Box Accessories."
268,"Apple iPhone 15 Plus (Pink, 128 GB)","₹22,569",4.6,"128 GB ROM17.02 cm (6.7 inch) Super Retina XDR Display48MP + 12MP | 12MP Front CameraA16 Bionic Chip, 6 Core Processor Processor1 year warranty for phone and 1 year warranty for in Box Accessories."
269,"Apple iPhone 16 Pro (Desert Titanium, 512 GB)","₹1,22,900",4.7,"512 GB ROM16.0 cm (6.3 inch) Super Retina XDR Display48MP + 48MP + 12MP | 12MP Front CameraA18 Pro Chip, 6 Core Processor Processor1 year warranty for phone and 1 year warranty for in Box Accessories."
270,"Apple iPhone 16 Pro (Desert Titanium, 1 TB)","₹1,35,900",4.7,"1 TB ROM16.0 cm (6.3 inch) Super Retina XDR Display48MP + 48MP + 12MP | 12MP Front CameraA18 Pro Chip, 6 Core Processor Processor1 year warranty for phone and 1 year warranty for in Box Accessories."
271,"REDMI Note 13 Pro+ 5G (Fusion Black, 256 GB)","₹64,999",4.2,12 GB RAM | 256 GB ROM16.94 cm (6.67 inch) Display200MP (OIS) + 8MP + 2MP | 16MP Front Camera5000 mAh BatteryDimensity 7200 Ultra 5G Processor1 Year Manufacturer Warranty for Phone and 6 Months Warranty for In the Box Accessories
272,"Apple iPhone 16 Pro (Desert Titanium, 256 GB)","₹17,999",4.7,"256 GB ROM16.0 cm (6.3 inch) Super Retina XDR Display48MP + 48MP + 12MP | 12MP Front CameraA18 Pro Chip, 6 Core Processor Processor1 year warranty for phone and 1 year warranty for in Box Accessories."
273,"Apple iPhone 16 Pro Max (Desert Titanium, 256 GB)","₹1,199",4.6,"256 GB ROM17.53 cm (6.9 inch) Super Retina XDR Display48MP + 48MP + 12MP | 12MP Front CameraA18 Pro Chip, 6 Core Processor Processor1 year warranty for phone and 1 year warranty for in Box Accessories."
274,"Apple iPhone 15 (Pink, 128 GB)","₹14,499",4.6,"128 GB ROM15.49 cm (6.1 inch) Super Retina XDR Display48MP + 12MP | 12MP Front CameraA16 Bionic Chip, 6 Core Processor Processor1 year warranty for phone and 1 year warranty for in Box Accessories."
275,"realme 13 5G (Speed Green, 128 GB)","₹16,999",4.3,8 GB RAM | 128 GB ROM | Expandable Upto 2 TB17.07 cm (6.72 inch) Full HD+ Display50MP + 2MP | 16MP Front Camera5000 mAh BatteryDimensity 6300 Processor1 Year Manufacturer Warranty for Device and 6 Months Manufacturer Warranty for Inbox Accessories
276,SAMSUNG Metro SM-B313ez,"₹78,999",3.3,Expandable Upto 16 GB5.08 cm (2 inch) QVGA Display0.3MP Rear Camera1000 mAh Battery1 Year Manufacturer Warranty
277,"REDMI 12 5G (Moonstone Silver, 256 GB)","₹98,999",4.2,8 GB RAM | 256 GB ROM | Expandable Upto 1 TB17.25 cm (6.79 inch) Full HD+ Display50MP + 2MP | 8MP Front Camera5000 mAh BatterySnapdragon 4 Gen 2 Processor1 Year Manufacturer Warranty for Phone and 6 Months Warranty for In the Box Accessories
278,"realme 12 5G (Woodland Green, 128 GB)","₹22,999",4.4,6 GB RAM | 128 GB ROM | Expandable Upto 2 TB17.07 cm (6.72 inch) Full HD+ Display108MP + 2MP | 8MP Front Camera5000 mAh BatteryDimensity 6100+ Processor1 Year Manufacturer Warranty for Device and 6 Months Manufacturer Warranty for Inbox Accessories
279,"Apple iPhone 15 Plus (Blue, 256 GB)","₹12,499",4.6,"256 GB ROM17.02 cm (6.7 inch) Super Retina XDR Display48MP + 12MP | 12MP Front CameraA16 Bionic Chip, 6 Core Processor Processor1 year warranty for phone and 1 year warranty for in Box Accessories."
280,"Apple iPhone 15 Plus (Green, 512 GB)","₹12,499",4.6,"512 GB ROM17.02 cm (6.7 inch) Super Retina XDR Display48MP + 12MP | 12MP Front CameraA16 Bionic Chip, 6 Core Processor Processor1 year warranty for phone and 1 year warranty for in Box Accessories."
281,"POCO F6 5G (Black, 256 GB)","₹14,999",4.3,8 GB RAM | 256 GB ROM16.94 cm (6.67 inch) Display50MP (OIS) + 8MP | 20MP Front Camera5000 mAh Battery8s Gen3 Processor1 Year Manufacturer Warranty for Phone and 6 Months Warranty for In the Box Accessories
282,"realme 12x 5G (Twilight Purple, 128 GB)","₹1,12,900",4.4,6 GB RAM | 128 GB ROM | Expandable Upto 2 TB17.07 cm (6.72 inch) Full HD+ Display50MP + 2MP | 8MP Front Camera5000 mAh BatteryDimensity 6100+ Processor1 Year Manufacturer Warranty for Device and 6 Months Manufacturer Warranty for Inbox Accessories
283,"realme 12x 5G (Woodland Green, 128 GB)","₹74,999",4.4,6 GB RAM | 128 GB ROM | Expandable Upto 2 TB17.07 cm (6.72 inch) Full HD+ Display50MP + 2MP | 8MP Front Camera5000 mAh BatteryDimensity 6100+ Processor1 Year Manufacturer Warranty for Device and 6 Months Manufacturer Warranty for Inbox Accessories
284,"POCO M4 5G (Power Black, 128 GB)","₹27,999",4.2,6 GB RAM | 128 GB ROM | Expandable Upto 512 GB16.71 cm (6.58 inch) Full HD+ Display50MP + 2MP | 8MP Front Camera5000 mAh Lithium Ion Polymer BatteryMediatek Dimensity 700 Processor1 Year Warranty for Handset and 6 Months for Accessories
285,"Apple iPhone 16 Pro (Natural Titanium, 128 GB)","₹17,999",4.7,"128 GB ROM16.0 cm (6.3 inch) Super Retina XDR Display48MP + 48MP + 12MP | 12MP Front CameraA18 Pro Chip, 6 Core Processor Processor1 year warranty for phone and 1 year warranty for in Box Accessories."
286,"Apple iPhone 15 (Green, 256 GB)","₹1,35,900",4.6,"256 GB ROM15.49 cm (6.1 inch) Super Retina XDR Display48MP + 12MP | 12MP Front CameraA16 Bionic Chip, 6 Core Processor Processor1 year warranty for phone and 1 year warranty for in Box Accessories."
287,"Motorola Edge 50 Pro 5G with 68W Charger (Black Beauty, 256 GB)","₹24,999",4.4,8 GB RAM | 256 GB ROM17.02 cm (6.7 inch) Display50MP + 13MP + 10MP | 50MP Front Camera4500 mAh Battery7 Gen 3 Mobile Platform Processor1 Year on Handset and 6 Months on Accessories
288,"realme 13 5G (Speed Green, 128 GB)","₹32,999",4.3,8 GB RAM | 128 GB ROM | Expandable Upto 2 TB17.07 cm (6.72 inch) Full HD+ Display50MP + 2MP | 16MP Front Camera5000 mAh BatteryDimensity 6300 Processor1 Year Manufacturer Warranty for Device and 6 Months Manufacturer Warranty for Inbox Accessories
289,"Apple iPhone 16 Pro Max (Natural Titanium, 256 GB)","₹31,999",4.6,"256 GB ROM17.53 cm (6.9 inch) Super Retina XDR Display48MP + 48MP + 12MP | 12MP Front CameraA18 Pro Chip, 6 Core Processor Processor1 year warranty for phone and 1 year warranty for in Box Accessories."
290,"REDMI Note 14 Pro 5G (Titan Black, 128 GB)","₹23,199",4.4,8 GB RAM | 128 GB ROM16.94 cm (6.67 inch) Display50MP + 8MP + 2MP | 20MP Front Camera5500 mAh BatteryDimensity 7300 Ultra Processor1 Year Manufacturer Warranty for Phone and 6 Months Warranty for In the Box Accessories
291,"REDMI Note 14 Pro+ 5G (Titan Black, 256 GB)","₹88,999",4.3,8 GB RAM | 256 GB ROM16.94 cm (6.67 inch) Display50MP + 50MP + 8MP | 20MP Front Camera6200 mAh Battery7s Gen 3 Processor1 Year Manufacturer Warranty for Phone and 6 Months Warranty for In the Box Accessories
292,"Google Pixel 7 (Obsidian, 128 GB)","₹41,599",4.3,8 GB RAM | 128 GB ROM16.0 cm (6.3 inch) Full HD+ Display50MP + 12MP | 10.8MP Front Camera4270 mAh BatteryGoogle Tensor G2 Processor1 Year Domestic Warranty
293,"REDMI Note 13 Pro+ 5G (Fusion Purple, 256 GB)","₹32,999",4.3,8 GB RAM | 256 GB ROM16.94 cm (6.67 inch) Display200MP (OIS) + 8MP + 2MP | 16MP Front Camera5000 mAh BatteryDimensity 7200 Ultra 5G Processor1 Year Manufacturer Warranty for Phone and 6 Months Warranty for In the Box Accessories
294,"Apple iPhone 16 Plus (Pink, 256 GB)","₹12,499",4.6,"256 GB ROM17.02 cm (6.7 inch) Super Retina XDR Display48MP + 12MP | 12MP Front CameraA18 Chip, 6 Core Processor Processor1 year warranty for phone and 1 year warranty for in Box Accessories."
295,"IQOO Neo 9 Pro (Fiery Red, 256 GB)","₹12,499",4.6,8 GB RAM | 256 GB ROM17.22 cm (6.78 inch) Display50MP Rear Camera5160 mAh Battery1 Year on Handset and 6 Months on Accessories
296,"REDMI Note 14 Pro+ 5G (Phantom Purple, 256 GB)","₹16,999",4.3,8 GB RAM | 256 GB ROM16.94 cm (6.67 inch) Display50MP + 50MP + 8MP | 20MP Front Camera6200 mAh Battery7s Gen 3 Processor1 Year Manufacturer Warranty for Phone and 6 Months Warranty for In the Box Accessories
297,"realme 12x 5G (Twilight Purple, 128 GB)","₹64,999",4.4,6 GB RAM | 128 GB ROM | Expandable Upto 2 TB17.07 cm (6.72 inch) Full HD+ Display50MP + 2MP | 8MP Front Camera5000 mAh BatteryDimensity 6100+ Processor1 Year Manufacturer Warranty for Device and 6 Months Manufacturer Warranty for Inbox Accessories
298,"realme 12x 5G (Woodland Green, 128 GB)","₹22,999",4.4,6 GB RAM | 128 GB ROM | Expandable Upto 2 TB17.07 cm (6.72 inch) Full HD+ Display50MP + 2MP | 8MP Front Camera5000 mAh BatteryDimensity 6100+ Processor1 Year Manufacturer Warranty for Device and 6 Months Manufacturer Warranty for Inbox Accessories
299,"realme 12 5G (Woodland Green, 128 GB)","₹1,22,900",4.4,6 GB RAM | 128 GB ROM | Expandable Upto 2 TB17.07 cm (6.72 inch) Full HD+ Display108MP + 2MP | 8MP Front Camera5000 mAh BatteryDimensity 6100+ Processor1 Year Manufacturer Warranty for Device and 6 Months Manufacturer Warranty for Inbox Accessories
300,"Apple iPhone 15 (Green, 128 GB)","₹1,35,900",4.6,"128 GB ROM15.49 cm (6.1 inch) Super Retina XDR Display48MP + 12MP | 12MP Front CameraA16 Bionic Chip, 6 Core Processor Processor1 year warranty for phone and 1 year warranty for in Box Accessories."
301,"POCO F6 5G (Black, 256 GB)","₹16,499",4.3,8 GB RAM | 256 GB ROM16.94 cm (6.67 inch) Display50MP (OIS) + 8MP | 20MP Front Camera5000 mAh Battery8s Gen3 Processor1 Year Manufacturer Warranty for Phone and 6 Months Warranty for In the Box Accessories
302,"Apple iPhone 16 Pro (Desert Titanium, 256 GB)","₹8,479",4.7,"256 GB ROM16.0 cm (6.3 inch) Super Retina XDR Display48MP + 48MP + 12MP | 12MP Front CameraA18 Pro Chip, 6 Core Processor Processor1 year warranty for phone and 1 year warranty for in Box Accessories."
303,"Apple iPhone 16 Pro Max (Desert Titanium, 256 GB)","₹1,55,900",4.6,"256 GB ROM17.53 cm (6.9 inch) Super Retina XDR Display48MP + 48MP + 12MP | 12MP Front CameraA18 Pro Chip, 6 Core Processor Processor1 year warranty for phone and 1 year warranty for in Box Accessories."
304,"REDMI Note 13 5G (Arctic White, 256 GB)","₹1,12,900",4.2,8 GB RAM | 256 GB ROM | Expandable Upto 1 TB16.94 cm (6.67 inch) Full HD+ Display108MP + 2MP | 16MP Front Camera5000 mAh BatteryDimensity 6080 Processor1 Year Manufacturer Warranty for Phone and 6 Months Warranty for In the Box Accessories
305,"REDMI A3 (Lake Blue, 128 GB)","₹10,499",4.2,4 GB RAM | 128 GB ROM | Expandable Upto 1 TB17.04 cm (6.71 inch) HD+ Display8MP Rear Camera | 5MP Front Camera5000 mAh BatteryMediatek Helio G36 Processor1 Year Manufacturer Warranty for Phone and 6 Months Warranty for In the Box Accessories
306,"Apple iPhone 16 Pro Max (Natural Titanium, 512 GB)","₹8,479",4.6,"512 GB ROM17.53 cm (6.9 inch) Super Retina XDR Display48MP + 48MP + 12MP | 12MP Front CameraA18 Pro Chip, 6 Core Processor Processor1 year warranty for phone and 1 year warranty for in Box Accessories."
307,"Apple iPhone 16 Pro (Natural Titanium, 128 GB)","₹69,900",4.7,"128 GB ROM16.0 cm (6.3 inch) Super Retina XDR Display48MP + 48MP + 12MP | 12MP Front CameraA18 Pro Chip, 6 Core Processor Processor1 year warranty for phone and 1 year warranty for in Box Accessories."
308,"REDMI 11 Prime (Playful Green, 128 GB)","₹14,999",4.3,6 GB RAM | 128 GB ROM | Expandable Upto 512 GB16.71 cm (6.58 inch) Full HD+ Display50MP + 2MP + 2MP | 8MP Front Camera5000 mAh BatteryHelio G99 Processor1 Year Manufacturer Warranty for Phone and 6 Months Warranty for In the Box Accessories
309,"REDMI A3 (Midnight Black, 128 GB)","[56000, 67000, 54000]",4.2,4 GB RAM | 128 GB ROM | Expandable Upto 1 TB17.04 cm (6.71 inch) HD+ Display8MP Rear Camera | 5MP Front Camera5000 mAh BatteryMediatek Helio G36 Processor1 Year Manufacturer Warranty for Phone and 6 Months Warranty for In the Box Accessories
310,"Apple iPhone 16e (White, 256 GB)",57000,4.6,"256 GB ROM15.49 cm (6.1 inch) Super Retina XDR Display48MP Rear Camera | 12MP Front CameraA18 Chip, 6 Core Processor1 year warranty for phone and 1 year warranty for in Box Accessories."
311,"realme 11x 5G (Purple Dawn, 128 GB)",64000,4.4,6 GB RAM | 128 GB ROM | Expandable Upto 2 TB17.07 cm (6.72 inch) Full HD+ Display64MP + 2MP | 8MP Front Camera5000 mAh BatteryDimensity 6100+ Processor1 Year Manufacturer Warranty for Phone and 6 Months Warranty for In the Box Accessories
